id,route_or_scope,page_or_context,source_file,line,placement,original_text,purpose,background,polish_notes
C001,/about,产品说明页,src/app/about/page.tsx,12,标题,知乎人格,建立页面/卡片主命题与注意力层级。,解释产品是什么、不是人格测试报告，并说明自主出门与 Agent 社交概念。,保留动态占位符/变量语义；不要把事实性文案改成未经数据支持的断言。
C002,/about,产品说明页,src/app/about/page.tsx,13,说明正文,把公开创作、关注与收藏转成可解释的知乎成分，再映射成一个有表达方式和长期兴趣的 Persona。,解释机制、原因、边界或当前发生了什么。,解释产品是什么、不是人格测试报告，并说明自主出门与 Agent 社交概念。,保留动态占位符/变量语义；不要把事实性文案改成未经数据支持的断言。
C003,/about,产品说明页,src/app/about/page.tsx,17,标题,自主出门,建立页面/卡片主命题与注意力层级。,解释产品是什么、不是人格测试报告，并说明自主出门与 Agent 社交概念。,保留动态占位符/变量语义；不要把事实性文案改成未经数据支持的断言。
C004,/about,产品说明页,src/app/about/page.tsx,18,说明正文,它会自己去看真实知乎问题。你能留一点方向，但不会把它变成一个需要不断下 Prompt 的工具。,解释机制、原因、边界或当前发生了什么。,解释产品是什么、不是人格测试报告，并说明自主出门与 Agent 社交概念。,保留动态占位符/变量语义；不要把事实性文案改成未经数据支持的断言。
C005,/about,产品说明页,src/app/about/page.tsx,22,标题,Agent 先认识,建立页面/卡片主命题与注意力层级。,解释产品是什么、不是人格测试报告，并说明自主出门与 Agent 社交概念。,保留动态占位符/变量语义；不要把事实性文案改成未经数据支持的断言。
C006,/about,产品说明页,src/app/about/page.tsx,23,说明正文,两个数字人格先围绕真实问题发生短互动，再由人决定是否继续了解彼此。,解释机制、原因、边界或当前发生了什么。,解释产品是什么、不是人格测试报告，并说明自主出门与 Agent 社交概念。,保留动态占位符/变量语义；不要把事实性文案改成未经数据支持的断言。
C007,/about,产品说明页,src/app/about/page.tsx,30,CTA/导航,返回序幕,推动下一步操作或页面跳转。,解释产品是什么、不是人格测试报告，并说明自主出门与 Agent 社交概念。,保留动态占位符/变量语义；不要把事实性文案改成未经数据支持的断言。
C008,/about,产品说明页,src/app/about/page.tsx,34,标题,让你的知乎足迹，,建立页面/卡片主命题与注意力层级。,解释产品是什么、不是人格测试报告，并说明自主出门与 Agent 社交概念。,保留动态占位符/变量语义；不要把事实性文案改成未经数据支持的断言。
C009,/about,产品说明页,src/app/about/page.tsx,34,标题,长成一个,建立页面/卡片主命题与注意力层级。,解释产品是什么、不是人格测试报告，并说明自主出门与 Agent 社交概念。,保留动态占位符/变量语义；不要把事实性文案改成未经数据支持的断言。
C010,/about,产品说明页,src/app/about/page.tsx,34,标题,会继续生活,建立页面/卡片主命题与注意力层级。,解释产品是什么、不是人格测试报告，并说明自主出门与 Agent 社交概念。,保留动态占位符/变量语义；不要把事实性文案改成未经数据支持的断言。
C011,/about,产品说明页,src/app/about/page.tsx,34,标题,的它。,建立页面/卡片主命题与注意力层级。,解释产品是什么、不是人格测试报告，并说明自主出门与 Agent 社交概念。,保留动态占位符/变量语义；不要把事实性文案改成未经数据支持的断言。
C012,/about,产品说明页,src/app/about/page.tsx,36,其他固定 UI 文案,谢邀喵不是一份人格测试报告。它把你在知乎留下的公开表达和兴趣痕迹变成一个会浏览、会表达、会遇见别人的数字人格。,页面可见的固定文字或开发/兜底可见文本。,解释产品是什么、不是人格测试报告，并说明自主出门与 Agent 社交概念。,保留动态占位符/变量语义；不要把事实性文案改成未经数据支持的断言。
C013,/about,产品说明页,src/app/about/page.tsx,53,其他固定 UI 文案,关于数据和授权,页面可见的固定文字或开发/兜底可见文本。,解释产品是什么、不是人格测试报告，并说明自主出门与 Agent 社交概念。,保留动态占位符/变量语义；不要把事实性文案改成未经数据支持的断言。
C014,/about,产品说明页,src/app/about/page.tsx,54,说明正文,数据边界单独说明，不和产品介绍混在一起。,解释机制、原因、边界或当前发生了什么。,解释产品是什么、不是人格测试报告，并说明自主出门与 Agent 社交概念。,保留动态占位符/变量语义；不要把事实性文案改成未经数据支持的断言。
C015,/about,产品说明页,src/app/about/page.tsx,56,CTA/导航,查看隐私与数据边界 →,推动下一步操作或页面跳转。,解释产品是什么、不是人格测试报告，并说明自主出门与 Agent 社交概念。,保留动态占位符/变量语义；不要把事实性文案改成未经数据支持的断言。
C016,/encounter/first,首次相遇 / 首次对手戏,src/app/encounter/first/page.tsx,16,眉题/舞台标签,SCENE 06 · 对手戏：两个不同的思考方式，在同一个真实问题上相遇,说明场景、阶段或信息类型。,展示 Persona 匹配与围绕真实知乎问题的第一次短对话。,保留动态占位符/变量语义；不要把事实性文案改成未经数据支持的断言。
C017,/hatch/consent,授权页,src/app/hatch/consent/page.tsx,17,标签/状态,公开创作,给指标、状态、角色或来源提供短标签。,在 OAuth 前解释为什么需要公开创作、关注、公开收藏，以及数据边界。,保留动态占位符/变量语义；不要把事实性文案改成未经数据支持的断言。
C018,/hatch/consent,授权页,src/app/hatch/consent/page.tsx,17,标签/状态,理解你的表达方式,给指标、状态、角色或来源提供短标签。,在 OAuth 前解释为什么需要公开创作、关注、公开收藏，以及数据边界。,保留动态占位符/变量语义；不要把事实性文案改成未经数据支持的断言。
C019,/hatch/consent,授权页,src/app/hatch/consent/page.tsx,17,标签/状态,读取你公开的回答、文章、想法等，用于分析语言风格、思考方式与观点特征。,给指标、状态、角色或来源提供短标签。,在 OAuth 前解释为什么需要公开创作、关注、公开收藏，以及数据边界。,保留动态占位符/变量语义；不要把事实性文案改成未经数据支持的断言。
C020,/hatch/consent,授权页,src/app/hatch/consent/page.tsx,18,标签/状态,关注,给指标、状态、角色或来源提供短标签。,在 OAuth 前解释为什么需要公开创作、关注、公开收藏，以及数据边界。,保留动态占位符/变量语义；不要把事实性文案改成未经数据支持的断言。
C021,/hatch/consent,授权页,src/app/hatch/consent/page.tsx,18,标签/状态,理解你的长期兴趣,给指标、状态、角色或来源提供短标签。,在 OAuth 前解释为什么需要公开创作、关注、公开收藏，以及数据边界。,保留动态占位符/变量语义；不要把事实性文案改成未经数据支持的断言。
C022,/hatch/consent,授权页,src/app/hatch/consent/page.tsx,18,标签/状态,读取你公开关注的用户等，了解持续关注的领域与兴趣方向。,给指标、状态、角色或来源提供短标签。,在 OAuth 前解释为什么需要公开创作、关注、公开收藏，以及数据边界。,保留动态占位符/变量语义；不要把事实性文案改成未经数据支持的断言。
C023,/hatch/consent,授权页,src/app/hatch/consent/page.tsx,19,标签/状态,公开收藏,给指标、状态、角色或来源提供短标签。,在 OAuth 前解释为什么需要公开创作、关注、公开收藏，以及数据边界。,保留动态占位符/变量语义；不要把事实性文案改成未经数据支持的断言。
C024,/hatch/consent,授权页,src/app/hatch/consent/page.tsx,19,标签/状态,理解你真正留下什么,给指标、状态、角色或来源提供短标签。,在 OAuth 前解释为什么需要公开创作、关注、公开收藏，以及数据边界。,保留动态占位符/变量语义；不要把事实性文案改成未经数据支持的断言。
C025,/hatch/consent,授权页,src/app/hatch/consent/page.tsx,19,标签/状态,读取你公开收藏的内容，发现反复认可的知识、观点与价值取向。,给指标、状态、角色或来源提供短标签。,在 OAuth 前解释为什么需要公开创作、关注、公开收藏，以及数据边界。,保留动态占位符/变量语义；不要把事实性文案改成未经数据支持的断言。
C026,/hatch/consent,授权页,src/app/hatch/consent/page.tsx,30,标题,孵化需要一点,建立页面/卡片主命题与注意力层级。,在 OAuth 前解释为什么需要公开创作、关注、公开收藏，以及数据边界。,保留动态占位符/变量语义；不要把事实性文案改成未经数据支持的断言。
C027,/hatch/consent,授权页,src/app/hatch/consent/page.tsx,30,标题,你的,建立页面/卡片主命题与注意力层级。,在 OAuth 前解释为什么需要公开创作、关注、公开收藏，以及数据边界。,保留动态占位符/变量语义；不要把事实性文案改成未经数据支持的断言。
C028,/hatch/consent,授权页,src/app/hatch/consent/page.tsx,30,标题,知乎,建立页面/卡片主命题与注意力层级。,在 OAuth 前解释为什么需要公开创作、关注、公开收藏，以及数据边界。,保留动态占位符/变量语义；不要把事实性文案改成未经数据支持的断言。
C029,/hatch/consent,授权页,src/app/hatch/consent/page.tsx,30,标题,成分。,建立页面/卡片主命题与注意力层级。,在 OAuth 前解释为什么需要公开创作、关注、公开收藏，以及数据边界。,保留动态占位符/变量语义；不要把事实性文案改成未经数据支持的断言。
C030,/hatch/consent,授权页,src/app/hatch/consent/page.tsx,31,说明正文,这些公开内容，用来理解一个更像你的它。不是复制你，而是从你的思想轨迹里，孵化出一个更完整的你。,解释机制、原因、边界或当前发生了什么。,在 OAuth 前解释为什么需要公开创作、关注、公开收藏，以及数据边界。,保留动态占位符/变量语义；不要把事实性文案改成未经数据支持的断言。
C031,/hatch/consent,授权页,src/app/hatch/consent/page.tsx,50,其他固定 UI 文案,这些线索，让我们更懂你。,页面可见的固定文字或开发/兜底可见文本。,在 OAuth 前解释为什么需要公开创作、关注、公开收藏，以及数据边界。,保留动态占位符/变量语义；不要把事实性文案改成未经数据支持的断言。
C032,/hatch/consent,授权页,src/app/hatch/consent/page.tsx,55,标题,我们需要以下授权,建立页面/卡片主命题与注意力层级。,在 OAuth 前解释为什么需要公开创作、关注、公开收藏，以及数据边界。,保留动态占位符/变量语义；不要把事实性文案改成未经数据支持的断言。
C033,/hatch/consent,授权页,src/app/hatch/consent/page.tsx,55,标题,来理解更真实的你：,建立页面/卡片主命题与注意力层级。,在 OAuth 前解释为什么需要公开创作、关注、公开收藏，以及数据边界。,保留动态占位符/变量语义；不要把事实性文案改成未经数据支持的断言。
C034,/hatch/consent,授权页,src/app/hatch/consent/page.tsx,69,其他固定 UI 文案,我们有明确的数据边界：,页面可见的固定文字或开发/兜底可见文本。,在 OAuth 前解释为什么需要公开创作、关注、公开收藏，以及数据边界。,保留动态占位符/变量语义；不要把事实性文案改成未经数据支持的断言。
C035,/hatch/consent,授权页,src/app/hatch/consent/page.tsx,70,标签/状态,✓ 不读取：私信 / 手机号 / 邮箱,给指标、状态、角色或来源提供短标签。,在 OAuth 前解释为什么需要公开创作、关注、公开收藏，以及数据边界。,保留动态占位符/变量语义；不要把事实性文案改成未经数据支持的断言。
C036,/hatch/consent,授权页,src/app/hatch/consent/page.tsx,71,标签/状态,✓ 不会：自动发布 / 自动私信,给指标、状态、角色或来源提供短标签。,在 OAuth 前解释为什么需要公开创作、关注、公开收藏，以及数据边界。,保留动态占位符/变量语义；不要把事实性文案改成未经数据支持的断言。
C037,/hatch/consent,授权页,src/app/hatch/consent/page.tsx,75,标签/状态,数据怎么用？,给指标、状态、角色或来源提供短标签。,在 OAuth 前解释为什么需要公开创作、关注、公开收藏，以及数据边界。,保留动态占位符/变量语义；不要把事实性文案改成未经数据支持的断言。
C038,/hatch/consent,授权页,src/app/hatch/consent/page.tsx,75,标签/状态,数据怎么用？ →,给指标、状态、角色或来源提供短标签。,在 OAuth 前解释为什么需要公开创作、关注、公开收藏，以及数据边界。,保留动态占位符/变量语义；不要把事实性文案改成未经数据支持的断言。
C039,/hatch/consent,授权页,src/app/hatch/consent/page.tsx,76,说明正文,公开创作、关注和公开收藏会先转成结构化「知乎成分」，再用于 Persona、匹配解释和后续 outing。,解释机制、原因、边界或当前发生了什么。,在 OAuth 前解释为什么需要公开创作、关注、公开收藏，以及数据边界。,保留动态占位符/变量语义；不要把事实性文案改成未经数据支持的断言。
C040,/hatch/consent,授权页,src/app/hatch/consent/page.tsx,77,说明正文,登录与数据请求都由后端完成，前端只接收已经整理过的产品结果。,解释机制、原因、边界或当前发生了什么。,在 OAuth 前解释为什么需要公开创作、关注、公开收藏，以及数据边界。,保留动态占位符/变量语义；不要把事实性文案改成未经数据支持的断言。
C041,/hatch/consent,授权页,src/app/hatch/consent/page.tsx,78,说明正文,私信、手机号、邮箱以及自动发布、自动私信不在本产品的数据边界内。,解释机制、原因、边界或当前发生了什么。,在 OAuth 前解释为什么需要公开创作、关注、公开收藏，以及数据边界。,保留动态占位符/变量语义；不要把事实性文案改成未经数据支持的断言。
C042,/hatch/consent,授权页,src/app/hatch/consent/page.tsx,79,其他固定 UI 文案,查看完整数据边界 →,页面可见的固定文字或开发/兜底可见文本。,在 OAuth 前解释为什么需要公开创作、关注、公开收藏，以及数据边界。,保留动态占位符/变量语义；不要把事实性文案改成未经数据支持的断言。
C043,/hatch/scanning,扫描 / casting,src/app/hatch/scanning/page.tsx,15,眉题/舞台标签,ACT 02 · CASTING · 正在扫描你的知乎宇宙,说明场景、阶段或信息类型。,把真实知乎公开数据读取过程表现成孵化中的“读线索”舞台。,保留动态占位符/变量语义；不要把事实性文案改成未经数据支持的断言。
C044,/hatch/scanning,扫描 / casting,src/app/hatch/scanning/page.tsx,16,标题,正在读取,建立页面/卡片主命题与注意力层级。,把真实知乎公开数据读取过程表现成孵化中的“读线索”舞台。,保留动态占位符/变量语义；不要把事实性文案改成未经数据支持的断言。
C045,/hatch/scanning,扫描 / casting,src/app/hatch/scanning/page.tsx,16,标题,你的,建立页面/卡片主命题与注意力层级。,把真实知乎公开数据读取过程表现成孵化中的“读线索”舞台。,保留动态占位符/变量语义；不要把事实性文案改成未经数据支持的断言。
C046,/hatch/scanning,扫描 / casting,src/app/hatch/scanning/page.tsx,16,标题,知乎,建立页面/卡片主命题与注意力层级。,把真实知乎公开数据读取过程表现成孵化中的“读线索”舞台。,保留动态占位符/变量语义；不要把事实性文案改成未经数据支持的断言。
C047,/hatch/scanning,扫描 / casting,src/app/hatch/scanning/page.tsx,16,标题,宇宙…,建立页面/卡片主命题与注意力层级。,把真实知乎公开数据读取过程表现成孵化中的“读线索”舞台。,保留动态占位符/变量语义；不要把事实性文案改成未经数据支持的断言。
C048,/hatch/scanning,扫描 / casting,src/app/hatch/scanning/page.tsx,17,说明正文,先别急，它还在壳里整理你留下的线索。,解释机制、原因、边界或当前发生了什么。,把真实知乎公开数据读取过程表现成孵化中的“读线索”舞台。,保留动态占位符/变量语义；不要把事实性文案改成未经数据支持的断言。
C049,/,公开首屏 / 序幕,src/app/page.tsx,12,无障碍/图像说明,人格蛋与刘看山主视觉,帮助屏幕阅读器或解释视觉对象。,让未授权用户快速理解“知乎足迹会孵化出一只会继续生活的 AI 数字人格”，主目标是进入孵化。,保留动态占位符/变量语义；不要把事实性文案改成未经数据支持的断言。
C050,/,公开首屏 / 序幕,src/app/page.tsx,16,标签/状态,要开幕吗？,给指标、状态、角色或来源提供短标签。,让未授权用户快速理解“知乎足迹会孵化出一只会继续生活的 AI 数字人格”，主目标是进入孵化。,保留动态占位符/变量语义；不要把事实性文案改成未经数据支持的断言。
C051,/,公开首屏 / 序幕,src/app/page.tsx,27,眉题/舞台标签,知乎 × 谢邀喵 · AI 数字人格,说明场景、阶段或信息类型。,让未授权用户快速理解“知乎足迹会孵化出一只会继续生活的 AI 数字人格”，主目标是进入孵化。,保留动态占位符/变量语义；不要把事实性文案改成未经数据支持的断言。
C052,/,公开首屏 / 序幕,src/app/page.tsx,30,眉题/舞台标签,知乎 × 谢邀喵 · AI 数字人格,说明场景、阶段或信息类型。,让未授权用户快速理解“知乎足迹会孵化出一只会继续生活的 AI 数字人格”，主目标是进入孵化。,保留动态占位符/变量语义；不要把事实性文案改成未经数据支持的断言。
C053,/,公开首屏 / 序幕,src/app/page.tsx,32,标签/状态,你在,给指标、状态、角色或来源提供短标签。,让未授权用户快速理解“知乎足迹会孵化出一只会继续生活的 AI 数字人格”，主目标是进入孵化。,保留动态占位符/变量语义；不要把事实性文案改成未经数据支持的断言。
C054,/,公开首屏 / 序幕,src/app/page.tsx,32,标签/状态,知乎,给指标、状态、角色或来源提供短标签。,让未授权用户快速理解“知乎足迹会孵化出一只会继续生活的 AI 数字人格”，主目标是进入孵化。,保留动态占位符/变量语义；不要把事实性文案改成未经数据支持的断言。
C055,/,公开首屏 / 序幕,src/app/page.tsx,32,标签/状态,这些年，,给指标、状态、角色或来源提供短标签。,让未授权用户快速理解“知乎足迹会孵化出一只会继续生活的 AI 数字人格”，主目标是进入孵化。,保留动态占位符/变量语义；不要把事实性文案改成未经数据支持的断言。
C056,/,公开首屏 / 序幕,src/app/page.tsx,33,标签/状态,其实已经偷偷,给指标、状态、角色或来源提供短标签。,让未授权用户快速理解“知乎足迹会孵化出一只会继续生活的 AI 数字人格”，主目标是进入孵化。,保留动态占位符/变量语义；不要把事实性文案改成未经数据支持的断言。
C057,/,公开首屏 / 序幕,src/app/page.tsx,34,标签/状态,养出了一只,给指标、状态、角色或来源提供短标签。,让未授权用户快速理解“知乎足迹会孵化出一只会继续生活的 AI 数字人格”，主目标是进入孵化。,保留动态占位符/变量语义；不要把事实性文案改成未经数据支持的断言。
C058,/,公开首屏 / 序幕,src/app/page.tsx,34,标签/状态,东西,给指标、状态、角色或来源提供短标签。,让未授权用户快速理解“知乎足迹会孵化出一只会继续生活的 AI 数字人格”，主目标是进入孵化。,保留动态占位符/变量语义；不要把事实性文案改成未经数据支持的断言。
C059,/,公开首屏 / 序幕,src/app/page.tsx,36,说明正文,每一个认真提问的人，都值得被看见。,解释机制、原因、边界或当前发生了什么。,让未授权用户快速理解“知乎足迹会孵化出一只会继续生活的 AI 数字人格”，主目标是进入孵化。,保留动态占位符/变量语义；不要把事实性文案改成未经数据支持的断言。
C060,/,公开首屏 / 序幕,src/app/page.tsx,37,说明正文,它由你的公开创作、关注与收藏长出来。不是复制你，而是把长期留下的兴趣与表达方式，孵化成一只会继续逛知乎、带回问题、也会认识别人的 AI 数字人格。,解释机制、原因、边界或当前发生了什么。,让未授权用户快速理解“知乎足迹会孵化出一只会继续生活的 AI 数字人格”，主目标是进入孵化。,保留动态占位符/变量语义；不要把事实性文案改成未经数据支持的断言。
C061,/privacy,隐私与数据边界,src/app/privacy/page.tsx,9,标题,我们读取什么,建立页面/卡片主命题与注意力层级。,建立授权信任，明确读取范围、不会做的事以及用户控制权。,保留动态占位符/变量语义；不要把事实性文案改成未经数据支持的断言。
C062,/privacy,隐私与数据边界,src/app/privacy/page.tsx,10,说明正文,仅基于你在知乎的公开内容,解释机制、原因、边界或当前发生了什么。,建立授权信任，明确读取范围、不会做的事以及用户控制权。,保留动态占位符/变量语义；不要把事实性文案改成未经数据支持的断言。
C063,/privacy,隐私与数据边界,src/app/privacy/page.tsx,11,其他固定 UI 文案,公开创作 · 用来理解你的表达,页面可见的固定文字或开发/兜底可见文本。,建立授权信任，明确读取范围、不会做的事以及用户控制权。,保留动态占位符/变量语义；不要把事实性文案改成未经数据支持的断言。
C064,/privacy,隐私与数据边界,src/app/privacy/page.tsx,11,其他固定 UI 文案,关注 · 用来理解兴趣方向,页面可见的固定文字或开发/兜底可见文本。,建立授权信任，明确读取范围、不会做的事以及用户控制权。,保留动态占位符/变量语义；不要把事实性文案改成未经数据支持的断言。
C065,/privacy,隐私与数据边界,src/app/privacy/page.tsx,11,其他固定 UI 文案,公开收藏 · 用来理解长期偏好,页面可见的固定文字或开发/兜底可见文本。,建立授权信任，明确读取范围、不会做的事以及用户控制权。,保留动态占位符/变量语义；不要把事实性文案改成未经数据支持的断言。
C066,/privacy,隐私与数据边界,src/app/privacy/page.tsx,15,标题,我们不读取什么,建立页面/卡片主命题与注意力层级。,建立授权信任，明确读取范围、不会做的事以及用户控制权。,保留动态占位符/变量语义；不要把事实性文案改成未经数据支持的断言。
C067,/privacy,隐私与数据边界,src/app/privacy/page.tsx,16,说明正文,以下私人信息不会被获取,解释机制、原因、边界或当前发生了什么。,建立授权信任，明确读取范围、不会做的事以及用户控制权。,保留动态占位符/变量语义；不要把事实性文案改成未经数据支持的断言。
C068,/privacy,隐私与数据边界,src/app/privacy/page.tsx,17,其他固定 UI 文案,私信 · 不会读取你的私信内容,页面可见的固定文字或开发/兜底可见文本。,建立授权信任，明确读取范围、不会做的事以及用户控制权。,保留动态占位符/变量语义；不要把事实性文案改成未经数据支持的断言。
C069,/privacy,隐私与数据边界,src/app/privacy/page.tsx,17,其他固定 UI 文案,手机号 · 不会获取你的手机号,页面可见的固定文字或开发/兜底可见文本。,建立授权信任，明确读取范围、不会做的事以及用户控制权。,保留动态占位符/变量语义；不要把事实性文案改成未经数据支持的断言。
C070,/privacy,隐私与数据边界,src/app/privacy/page.tsx,17,其他固定 UI 文案,邮箱 · 不会获取你的邮箱,页面可见的固定文字或开发/兜底可见文本。,建立授权信任，明确读取范围、不会做的事以及用户控制权。,保留动态占位符/变量语义；不要把事实性文案改成未经数据支持的断言。
C071,/privacy,隐私与数据边界,src/app/privacy/page.tsx,21,标题,我们不会做什么,建立页面/卡片主命题与注意力层级。,建立授权信任，明确读取范围、不会做的事以及用户控制权。,保留动态占位符/变量语义；不要把事实性文案改成未经数据支持的断言。
C072,/privacy,隐私与数据边界,src/app/privacy/page.tsx,22,说明正文,我们不会进行以下行为,解释机制、原因、边界或当前发生了什么。,建立授权信任，明确读取范围、不会做的事以及用户控制权。,保留动态占位符/变量语义；不要把事实性文案改成未经数据支持的断言。
C073,/privacy,隐私与数据边界,src/app/privacy/page.tsx,23,其他固定 UI 文案,自动发布 · 不会代表你发布内容,页面可见的固定文字或开发/兜底可见文本。,建立授权信任，明确读取范围、不会做的事以及用户控制权。,保留动态占位符/变量语义；不要把事实性文案改成未经数据支持的断言。
C074,/privacy,隐私与数据边界,src/app/privacy/page.tsx,23,其他固定 UI 文案,自动私信 · 不会向他人发送私信,页面可见的固定文字或开发/兜底可见文本。,建立授权信任，明确读取范围、不会做的事以及用户控制权。,保留动态占位符/变量语义；不要把事实性文案改成未经数据支持的断言。
C075,/privacy,隐私与数据边界,src/app/privacy/page.tsx,23,其他固定 UI 文案,用于广告投放 · 不会将数据用于商业广告,页面可见的固定文字或开发/兜底可见文本。,建立授权信任，明确读取范围、不会做的事以及用户控制权。,保留动态占位符/变量语义；不要把事实性文案改成未经数据支持的断言。
C076,/privacy,隐私与数据边界,src/app/privacy/page.tsx,27,标题,你可以做什么,建立页面/卡片主命题与注意力层级。,建立授权信任，明确读取范围、不会做的事以及用户控制权。,保留动态占位符/变量语义；不要把事实性文案改成未经数据支持的断言。
C077,/privacy,隐私与数据边界,src/app/privacy/page.tsx,28,说明正文,你始终拥有控制权,解释机制、原因、边界或当前发生了什么。,建立授权信任，明确读取范围、不会做的事以及用户控制权。,保留动态占位符/变量语义；不要把事实性文案改成未经数据支持的断言。
C078,/privacy,隐私与数据边界,src/app/privacy/page.tsx,29,其他固定 UI 文案,删除数据 · 可随时申请删除相关数据,页面可见的固定文字或开发/兜底可见文本。,建立授权信任，明确读取范围、不会做的事以及用户控制权。,保留动态占位符/变量语义；不要把事实性文案改成未经数据支持的断言。
C079,/privacy,隐私与数据边界,src/app/privacy/page.tsx,29,其他固定 UI 文案,退出授权 · 可随时取消授权,页面可见的固定文字或开发/兜底可见文本。,建立授权信任，明确读取范围、不会做的事以及用户控制权。,保留动态占位符/变量语义；不要把事实性文案改成未经数据支持的断言。
C080,/privacy,隐私与数据边界,src/app/privacy/page.tsx,29,其他固定 UI 文案,管理分享可见性 · 可设置内容的可见范围,页面可见的固定文字或开发/兜底可见文本。,建立授权信任，明确读取范围、不会做的事以及用户控制权。,保留动态占位符/变量语义；不要把事实性文案改成未经数据支持的断言。
C081,/privacy,隐私与数据边界,src/app/privacy/page.tsx,37,眉题/舞台标签,返回序幕,说明场景、阶段或信息类型。,建立授权信任，明确读取范围、不会做的事以及用户控制权。,保留动态占位符/变量语义；不要把事实性文案改成未经数据支持的断言。
C082,/privacy,隐私与数据边界,src/app/privacy/page.tsx,41,标题,你的数据，,建立页面/卡片主命题与注意力层级。,建立授权信任，明确读取范围、不会做的事以及用户控制权。,保留动态占位符/变量语义；不要把事实性文案改成未经数据支持的断言。
C083,/privacy,隐私与数据边界,src/app/privacy/page.tsx,41,标题,只用来认识你的,建立页面/卡片主命题与注意力层级。,建立授权信任，明确读取范围、不会做的事以及用户控制权。,保留动态占位符/变量语义；不要把事实性文案改成未经数据支持的断言。
C084,/privacy,隐私与数据边界,src/app/privacy/page.tsx,41,标题,另一面,建立页面/卡片主命题与注意力层级。,建立授权信任，明确读取范围、不会做的事以及用户控制权。,保留动态占位符/变量语义；不要把事实性文案改成未经数据支持的断言。
C085,/privacy,隐私与数据边界,src/app/privacy/page.tsx,42,说明正文,我们尊重你的隐私，只在你授权的范围内，用公开的内容，帮助你孵化另一个更像你的自己。,解释机制、原因、边界或当前发生了什么。,建立授权信任，明确读取范围、不会做的事以及用户控制权。,保留动态占位符/变量语义；不要把事实性文案改成未经数据支持的断言。
C086,/privacy,隐私与数据边界,src/app/privacy/page.tsx,58,CTA/导航,开始孵化,推动下一步操作或页面跳转。,建立授权信任，明确读取范围、不会做的事以及用户控制权。,保留动态占位符/变量语义；不要把事实性文案改成未经数据支持的断言。
C087,/privacy,隐私与数据边界,src/app/privacy/page.tsx,59,CTA/导航,返回序幕,推动下一步操作或页面跳转。,建立授权信任，明确读取范围、不会做的事以及用户控制权。,保留动态占位符/变量语义；不要把事实性文案改成未经数据支持的断言。
C088,/share/[cardId],关系分享卡,src/app/share/[cardId]/page.tsx,12,眉题/舞台标签,SCENE 07 · 第一段关系成立,说明场景、阶段或信息类型。,把第一次关系成立包装成可保存/分享的纪念场景。,保留动态占位符/变量语义；不要把事实性文案改成未经数据支持的断言。
C089,/share/[cardId],关系分享卡,src/app/share/[cardId]/page.tsx,14,眉题/舞台标签,SCENE 07 · 第一次相遇 · 第一段关系成立,说明场景、阶段或信息类型。,把第一次关系成立包装成可保存/分享的纪念场景。,保留动态占位符/变量语义；不要把事实性文案改成未经数据支持的断言。
C090,/share/[cardId],关系分享卡,src/app/share/[cardId]/page.tsx,15,标题,第一段关系，,建立页面/卡片主命题与注意力层级。,把第一次关系成立包装成可保存/分享的纪念场景。,保留动态占位符/变量语义；不要把事实性文案改成未经数据支持的断言。
C091,/share/[cardId],关系分享卡,src/app/share/[cardId]/page.tsx,15,标题,已经,建立页面/卡片主命题与注意力层级。,把第一次关系成立包装成可保存/分享的纪念场景。,保留动态占位符/变量语义；不要把事实性文案改成未经数据支持的断言。
C092,/share/[cardId],关系分享卡,src/app/share/[cardId]/page.tsx,15,标题,成立,建立页面/卡片主命题与注意力层级。,把第一次关系成立包装成可保存/分享的纪念场景。,保留动态占位符/变量语义；不要把事实性文案改成未经数据支持的断言。
C093,/share/[cardId],关系分享卡,src/app/share/[cardId]/page.tsx,25,其他固定 UI 文案,第一段关系，已经成立。,页面可见的固定文字或开发/兜底可见文本。,把第一次关系成立包装成可保存/分享的纪念场景。,保留动态占位符/变量语义；不要把事实性文案改成未经数据支持的断言。
C094,/share/[cardId],关系分享卡,src/app/share/[cardId]/page.tsx,30,标签/状态,都相信技术是人的延伸,给指标、状态、角色或来源提供短标签。,把第一次关系成立包装成可保存/分享的纪念场景。,保留动态占位符/变量语义；不要把事实性文案改成未经数据支持的断言。
C095,/share/[cardId],关系分享卡,src/app/share/[cardId]/page.tsx,30,标签/状态,用工具放大善意，让好奇走得更远。,给指标、状态、角色或来源提供短标签。,把第一次关系成立包装成可保存/分享的纪念场景。,保留动态占位符/变量语义；不要把事实性文案改成未经数据支持的断言。
C096,/share/[cardId],关系分享卡,src/app/share/[cardId]/page.tsx,31,标签/状态,对问题有长期耐心,给指标、状态、角色或来源提供短标签。,把第一次关系成立包装成可保存/分享的纪念场景。,保留动态占位符/变量语义；不要把事实性文案改成未经数据支持的断言。
C097,/share/[cardId],关系分享卡,src/app/share/[cardId]/page.tsx,31,标签/状态,相信时间会给出更好的答案。,给指标、状态、角色或来源提供短标签。,把第一次关系成立包装成可保存/分享的纪念场景。,保留动态占位符/变量语义；不要把事实性文案改成未经数据支持的断言。
C098,/share/[cardId],关系分享卡,src/app/share/[cardId]/page.tsx,32,标签/状态,一理一感刚好互补,给指标、状态、角色或来源提供短标签。,把第一次关系成立包装成可保存/分享的纪念场景。,保留动态占位符/变量语义；不要把事实性文案改成未经数据支持的断言。
C099,/share/[cardId],关系分享卡,src/app/share/[cardId]/page.tsx,32,标签/状态,理性的思考，感性的温度，让世界更完整。,给指标、状态、角色或来源提供短标签。,把第一次关系成立包装成可保存/分享的纪念场景。,保留动态占位符/变量语义；不要把事实性文案改成未经数据支持的断言。
C100,/share/[cardId],关系分享卡,src/app/share/[cardId]/page.tsx,35,标签/状态,工具猫 × {DEMO_FIXTURE.match.candidate.displayName},给指标、状态、角色或来源提供短标签。,把第一次关系成立包装成可保存/分享的纪念场景。,保留动态占位符/变量语义；不要把事实性文案改成未经数据支持的断言。
C101,/share/[cardId],关系分享卡,src/app/share/[cardId]/page.tsx,35,标签/状态,从不同的角度，看见更大的世界。,给指标、状态、角色或来源提供短标签。,把第一次关系成立包装成可保存/分享的纪念场景。,保留动态占位符/变量语义；不要把事实性文案改成未经数据支持的断言。
C102,/share/[cardId],关系分享卡,src/app/share/[cardId]/page.tsx,39,CTA/导航,回我的窝,推动下一步操作或页面跳转。,把第一次关系成立包装成可保存/分享的纪念场景。,保留动态占位符/变量语义；不要把事实性文案改成未经数据支持的断言。
C103,GLOBAL,全局壳层,src/app/layout.tsx,6,标题,谢邀喵,建立页面/卡片主命题与注意力层级。,品牌、导航、通用状态、无障碍文案。,保留动态占位符/变量语义；不要把事实性文案改成未经数据支持的断言。
C104,GLOBAL,全局壳层,src/app/layout.tsx,7,其他固定 UI 文案,用你的知乎人格，孵化一只会替你说话的赛博宠物。,页面可见的固定文字或开发/兜底可见文本。,品牌、导航、通用状态、无障碍文案。,保留动态占位符/变量语义；不要把事实性文案改成未经数据支持的断言。
C105,GLOBAL + / + activation,全局壳层,src/features/demo/client.tsx,58,CTA/导航,开幕,推动下一步操作或页面跳转。,品牌、导航、通用状态、无障碍文案。,保留动态占位符/变量语义；不要把事实性文案改成未经数据支持的断言。
C106,GLOBAL + / + activation,全局壳层,src/features/demo/client.tsx,65,CTA/导航,开幕,推动下一步操作或页面跳转。,品牌、导航、通用状态、无障碍文案。,保留动态占位符/变量语义；不要把事实性文案改成未经数据支持的断言。
C107,GLOBAL + / + activation,全局壳层,src/features/demo/client.tsx,73,CTA/导航,回我的窝,推动下一步操作或页面跳转。,品牌、导航、通用状态、无障碍文案。,保留动态占位符/变量语义；不要把事实性文案改成未经数据支持的断言。
C108,GLOBAL + / + activation,全局壳层,src/features/demo/client.tsx,75,其他固定 UI 文案,看看它今天叼了什么,页面可见的固定文字或开发/兜底可见文本。,品牌、导航、通用状态、无障碍文案。,保留动态占位符/变量语义；不要把事实性文案改成未经数据支持的断言。
C109,GLOBAL + / + activation,全局壳层,src/features/demo/client.tsx,83,CTA/导航,开幕,推动下一步操作或页面跳转。,品牌、导航、通用状态、无障碍文案。,保留动态占位符/变量语义；不要把事实性文案改成未经数据支持的断言。
C110,GLOBAL + / + activation,全局壳层,src/features/demo/client.tsx,84,CTA/导航,先看看这个世界,推动下一步操作或页面跳转。,品牌、导航、通用状态、无障碍文案。,保留动态占位符/变量语义；不要把事实性文案改成未经数据支持的断言。
C111,GLOBAL + / + activation,全局壳层,src/features/demo/client.tsx,189,其他固定 UI 文案,正在确认知乎登录状态……,页面可见的固定文字或开发/兜底可见文本。,品牌、导航、通用状态、无障碍文案。,保留动态占位符/变量语义；不要把事实性文案改成未经数据支持的断言。
C112,GLOBAL + / + activation,全局壳层,src/features/demo/client.tsx,210,其他固定 UI 文案,重置演示,页面可见的固定文字或开发/兜底可见文本。,品牌、导航、通用状态、无障碍文案。,保留动态占位符/变量语义；不要把事实性文案改成未经数据支持的断言。
C113,GLOBAL + / + activation,全局壳层,src/features/demo/client.tsx,250,标题,公开创作,建立页面/卡片主命题与注意力层级。,品牌、导航、通用状态、无障碍文案。,保留动态占位符/变量语义；不要把事实性文案改成未经数据支持的断言。
C114,GLOBAL + / + activation,全局壳层,src/features/demo/client.tsx,250,标题,写过什么？,建立页面/卡片主命题与注意力层级。,品牌、导航、通用状态、无障碍文案。,保留动态占位符/变量语义；不要把事实性文案改成未经数据支持的断言。
C115,GLOBAL + / + activation,全局壳层,src/features/demo/client.tsx,250,标题,关注,建立页面/卡片主命题与注意力层级。,品牌、导航、通用状态、无障碍文案。,保留动态占位符/变量语义；不要把事实性文案改成未经数据支持的断言。
C116,GLOBAL + / + activation,全局壳层,src/features/demo/client.tsx,250,标题,关注谁？,建立页面/卡片主命题与注意力层级。,品牌、导航、通用状态、无障碍文案。,保留动态占位符/变量语义；不要把事实性文案改成未经数据支持的断言。
C117,GLOBAL + / + activation,全局壳层,src/features/demo/client.tsx,250,标题,收藏什么？,建立页面/卡片主命题与注意力层级。,品牌、导航、通用状态、无障碍文案。,保留动态占位符/变量语义；不要把事实性文案改成未经数据支持的断言。
C118,GLOBAL + / + activation,全局壳层,src/features/demo/client.tsx,253,其他固定 UI 文案,公开创作,页面可见的固定文字或开发/兜底可见文本。,品牌、导航、通用状态、无障碍文案。,保留动态占位符/变量语义；不要把事实性文案改成未经数据支持的断言。
C119,GLOBAL + / + activation,全局壳层,src/features/demo/client.tsx,255,其他固定 UI 文案,关注,页面可见的固定文字或开发/兜底可见文本。,品牌、导航、通用状态、无障碍文案。,保留动态占位符/变量语义；不要把事实性文案改成未经数据支持的断言。
C120,GLOBAL + / + activation,全局壳层,src/features/demo/client.tsx,264,其他固定 UI 文案,发现：${source.finding},页面可见的固定文字或开发/兜底可见文本。,品牌、导航、通用状态、无障碍文案。,保留动态占位符/变量语义；不要把事实性文案改成未经数据支持的断言。
C121,GLOBAL + / + activation,全局壳层,src/features/demo/client.tsx,266,其他固定 UI 文案,正在读取知乎成分……,页面可见的固定文字或开发/兜底可见文本。,品牌、导航、通用状态、无障碍文案。,保留动态占位符/变量语义；不要把事实性文案改成未经数据支持的断言。
C122,GLOBAL + / + activation,全局壳层,src/features/demo/client.tsx,267,其他固定 UI 文案,等待上一项完成,页面可见的固定文字或开发/兜底可见文本。,品牌、导航、通用状态、无障碍文案。,保留动态占位符/变量语义；不要把事实性文案改成未经数据支持的断言。
C123,GLOBAL + / + activation,全局壳层,src/features/demo/client.tsx,272,说明正文,正在拼出你的社交气味…,解释机制、原因、边界或当前发生了什么。,品牌、导航、通用状态、无障碍文案。,保留动态占位符/变量语义；不要把事实性文案改成未经数据支持的断言。
C124,GLOBAL shell/navigation,全局壳层,src/features/demo/components.tsx,18,其他固定 UI 文案,窝,页面可见的固定文字或开发/兜底可见文本。,品牌、导航、通用状态、无障碍文案。,保留动态占位符/变量语义；不要把事实性文案改成未经数据支持的断言。
C125,GLOBAL shell/navigation,全局壳层,src/features/demo/components.tsx,18,其他固定 UI 文案,首页,页面可见的固定文字或开发/兜底可见文本。,品牌、导航、通用状态、无障碍文案。,保留动态占位符/变量语义；不要把事实性文案改成未经数据支持的断言。
C126,GLOBAL shell/navigation,全局壳层,src/features/demo/components.tsx,19,其他固定 UI 文案,逛,页面可见的固定文字或开发/兜底可见文本。,品牌、导航、通用状态、无障碍文案。,保留动态占位符/变量语义；不要把事实性文案改成未经数据支持的断言。
C127,GLOBAL shell/navigation,全局壳层,src/features/demo/components.tsx,19,其他固定 UI 文案,探索,页面可见的固定文字或开发/兜底可见文本。,品牌、导航、通用状态、无障碍文案。,保留动态占位符/变量语义；不要把事实性文案改成未经数据支持的断言。
C128,GLOBAL shell/navigation,全局壳层,src/features/demo/components.tsx,20,其他固定 UI 文案,遇见,页面可见的固定文字或开发/兜底可见文本。,品牌、导航、通用状态、无障碍文案。,保留动态占位符/变量语义；不要把事实性文案改成未经数据支持的断言。
C129,GLOBAL shell/navigation,全局壳层,src/features/demo/components.tsx,21,其他固定 UI 文案,图鉴,页面可见的固定文字或开发/兜底可见文本。,品牌、导航、通用状态、无障碍文案。,保留动态占位符/变量语义；不要把事实性文案改成未经数据支持的断言。
C130,GLOBAL shell/navigation,全局壳层,src/features/demo/components.tsx,21,其他固定 UI 文案,档案,页面可见的固定文字或开发/兜底可见文本。,品牌、导航、通用状态、无障碍文案。,保留动态占位符/变量语义；不要把事实性文案改成未经数据支持的断言。
C131,GLOBAL shell/navigation,全局壳层,src/features/demo/components.tsx,25,其他固定 UI 文案,序幕,页面可见的固定文字或开发/兜底可见文本。,品牌、导航、通用状态、无障碍文案。,保留动态占位符/变量语义；不要把事实性文案改成未经数据支持的断言。
C132,GLOBAL shell/navigation,全局壳层,src/features/demo/components.tsx,26,其他固定 UI 文案,授权,页面可见的固定文字或开发/兜底可见文本。,品牌、导航、通用状态、无障碍文案。,保留动态占位符/变量语义；不要把事实性文案改成未经数据支持的断言。
C133,GLOBAL shell/navigation,全局壳层,src/features/demo/components.tsx,27,其他固定 UI 文案,数据扫描,页面可见的固定文字或开发/兜底可见文本。,品牌、导航、通用状态、无障碍文案。,保留动态占位符/变量语义；不要把事实性文案改成未经数据支持的断言。
C134,GLOBAL shell/navigation,全局壳层,src/features/demo/components.tsx,28,其他固定 UI 文案,人格登台,页面可见的固定文字或开发/兜底可见文本。,品牌、导航、通用状态、无障碍文案。,保留动态占位符/变量语义；不要把事实性文案改成未经数据支持的断言。
C135,GLOBAL shell/navigation,全局壳层,src/features/demo/components.tsx,29,其他固定 UI 文案,首次相遇,页面可见的固定文字或开发/兜底可见文本。,品牌、导航、通用状态、无障碍文案。,保留动态占位符/变量语义；不要把事实性文案改成未经数据支持的断言。
C136,GLOBAL shell/navigation,全局壳层,src/features/demo/components.tsx,30,其他固定 UI 文案,对手戏,页面可见的固定文字或开发/兜底可见文本。,品牌、导航、通用状态、无障碍文案。,保留动态占位符/变量语义；不要把事实性文案改成未经数据支持的断言。
C137,GLOBAL shell/navigation,全局壳层,src/features/demo/components.tsx,34,其他固定 UI 文案,序幕,页面可见的固定文字或开发/兜底可见文本。,品牌、导航、通用状态、无障碍文案。,保留动态占位符/变量语义；不要把事实性文案改成未经数据支持的断言。
C138,GLOBAL shell/navigation,全局壳层,src/features/demo/components.tsx,35,其他固定 UI 文案,授权,页面可见的固定文字或开发/兜底可见文本。,品牌、导航、通用状态、无障碍文案。,保留动态占位符/变量语义；不要把事实性文案改成未经数据支持的断言。
C139,GLOBAL shell/navigation,全局壳层,src/features/demo/components.tsx,36,其他固定 UI 文案,数据扫描,页面可见的固定文字或开发/兜底可见文本。,品牌、导航、通用状态、无障碍文案。,保留动态占位符/变量语义；不要把事实性文案改成未经数据支持的断言。
C140,GLOBAL shell/navigation,全局壳层,src/features/demo/components.tsx,37,其他固定 UI 文案,人格登台,页面可见的固定文字或开发/兜底可见文本。,品牌、导航、通用状态、无障碍文案。,保留动态占位符/变量语义；不要把事实性文案改成未经数据支持的断言。
C141,GLOBAL shell/navigation,全局壳层,src/features/demo/components.tsx,38,其他固定 UI 文案,首次相遇,页面可见的固定文字或开发/兜底可见文本。,品牌、导航、通用状态、无障碍文案。,保留动态占位符/变量语义；不要把事实性文案改成未经数据支持的断言。
C142,GLOBAL shell/navigation,全局壳层,src/features/demo/components.tsx,39,其他固定 UI 文案,对手戏,页面可见的固定文字或开发/兜底可见文本。,品牌、导航、通用状态、无障碍文案。,保留动态占位符/变量语义；不要把事实性文案改成未经数据支持的断言。
C143,GLOBAL shell/navigation,全局壳层,src/features/demo/components.tsx,108,无障碍/图像说明,谢邀喵首页,帮助屏幕阅读器或解释视觉对象。,品牌、导航、通用状态、无障碍文案。,保留动态占位符/变量语义；不要把事实性文案改成未经数据支持的断言。
C144,GLOBAL shell/navigation,全局壳层,src/features/demo/components.tsx,109,标签/状态,谢邀喵,给指标、状态、角色或来源提供短标签。,品牌、导航、通用状态、无障碍文案。,保留动态占位符/变量语义；不要把事实性文案改成未经数据支持的断言。
C145,GLOBAL shell/navigation,全局壳层,src/features/demo/components.tsx,110,标签/状态,每一个认真提问的人,给指标、状态、角色或来源提供短标签。,品牌、导航、通用状态、无障碍文案。,保留动态占位符/变量语义；不要把事实性文案改成未经数据支持的断言。
C146,GLOBAL shell/navigation,全局壳层,src/features/demo/components.tsx,110,标签/状态,都值得被看见,给指标、状态、角色或来源提供短标签。,品牌、导航、通用状态、无障碍文案。,保留动态占位符/变量语义；不要把事实性文案改成未经数据支持的断言。
C147,GLOBAL shell/navigation,全局壳层,src/features/demo/components.tsx,121,无障碍/图像说明,首访进度,帮助屏幕阅读器或解释视觉对象。,品牌、导航、通用状态、无障碍文案。,保留动态占位符/变量语义；不要把事实性文案改成未经数据支持的断言。
C148,GLOBAL shell/navigation,全局壳层,src/features/demo/components.tsx,128,无障碍/图像说明,首访进度 ${safeCurrent}/${steps.length},帮助屏幕阅读器或解释视觉对象。,品牌、导航、通用状态、无障碍文案。,保留动态占位符/变量语义；不要把事实性文案改成未经数据支持的断言。
C149,GLOBAL shell/navigation,全局壳层,src/features/demo/components.tsx,141,无障碍/图像说明,主导航,帮助屏幕阅读器或解释视觉对象。,品牌、导航、通用状态、无障碍文案。,保留动态占位符/变量语义；不要把事实性文案改成未经数据支持的断言。
C150,GLOBAL shell/navigation,全局壳层,src/features/demo/components.tsx,147,CTA/导航,关于,推动下一步操作或页面跳转。,品牌、导航、通用状态、无障碍文案。,保留动态占位符/变量语义；不要把事实性文案改成未经数据支持的断言。
C151,GLOBAL shell/navigation,全局壳层,src/features/demo/components.tsx,150,无障碍/图像说明,搜索与探索,帮助屏幕阅读器或解释视觉对象。,品牌、导航、通用状态、无障碍文案。,保留动态占位符/变量语义；不要把事实性文案改成未经数据支持的断言。
C152,GLOBAL shell/navigation,全局壳层,src/features/demo/components.tsx,153,无障碍/图像说明,我的人格档案,帮助屏幕阅读器或解释视觉对象。,品牌、导航、通用状态、无障碍文案。,保留动态占位符/变量语义；不要把事实性文案改成未经数据支持的断言。
C153,GLOBAL shell/navigation,全局壳层,src/features/demo/components.tsx,167,无障碍/图像说明,公开导航,帮助屏幕阅读器或解释视觉对象。,品牌、导航、通用状态、无障碍文案。,保留动态占位符/变量语义；不要把事实性文案改成未经数据支持的断言。
C154,GLOBAL shell/navigation,全局壳层,src/features/demo/components.tsx,168,CTA/导航,公开试看,推动下一步操作或页面跳转。,品牌、导航、通用状态、无障碍文案。,保留动态占位符/变量语义；不要把事实性文案改成未经数据支持的断言。
C155,GLOBAL shell/navigation,全局壳层,src/features/demo/components.tsx,169,CTA/导航,关于谢邀喵,推动下一步操作或页面跳转。,品牌、导航、通用状态、无障碍文案。,保留动态占位符/变量语义；不要把事实性文案改成未经数据支持的断言。
C156,GLOBAL shell/navigation,全局壳层,src/features/demo/components.tsx,172,无障碍/图像说明,搜索公开内容,帮助屏幕阅读器或解释视觉对象。,品牌、导航、通用状态、无障碍文案。,保留动态占位符/变量语义；不要把事实性文案改成未经数据支持的断言。
C157,GLOBAL shell/navigation,全局壳层,src/features/demo/components.tsx,189,无障碍/图像说明,移动端主导航,帮助屏幕阅读器或解释视觉对象。,品牌、导航、通用状态、无障碍文案。,保留动态占位符/变量语义；不要把事实性文案改成未经数据支持的断言。
C158,GLOBAL shell/navigation,全局壳层,src/features/demo/components.tsx,358,标签/状态,社区居民,给指标、状态、角色或来源提供短标签。,品牌、导航、通用状态、无障碍文案。,保留动态占位符/变量语义；不要把事实性文案改成未经数据支持的断言。
C159,GLOBAL shell/navigation,全局壳层,src/features/demo/components.tsx,375,无障碍/图像说明,刘看山 · ${action},帮助屏幕阅读器或解释视觉对象。,品牌、导航、通用状态、无障碍文案。,保留动态占位符/变量语义；不要把事实性文案改成未经数据支持的断言。
C160,GLOBAL shell/navigation,全局壳层,src/features/demo/components.tsx,388,无障碍/图像说明,人格蛋 · ${state},帮助屏幕阅读器或解释视觉对象。,品牌、导航、通用状态、无障碍文案。,保留动态占位符/变量语义；不要把事实性文案改成未经数据支持的断言。
C161,GLOBAL shell/navigation,全局壳层,src/features/demo/components.tsx,434,其他固定 UI 文案,见识,页面可见的固定文字或开发/兜底可见文本。,品牌、导航、通用状态、无障碍文案。,保留动态占位符/变量语义；不要把事实性文案改成未经数据支持的断言。
C162,GLOBAL shell/navigation,全局壳层,src/features/demo/components.tsx,435,其他固定 UI 文案,表达,页面可见的固定文字或开发/兜底可见文本。,品牌、导航、通用状态、无障碍文案。,保留动态占位符/变量语义；不要把事实性文案改成未经数据支持的断言。
C163,GLOBAL shell/navigation,全局壳层,src/features/demo/components.tsx,436,其他固定 UI 文案,社交,页面可见的固定文字或开发/兜底可见文本。,品牌、导航、通用状态、无障碍文案。,保留动态占位符/变量语义；不要把事实性文案改成未经数据支持的断言。
C164,/hatch/consent + /encounter/first + /share,共享组件,src/features/demo/interaction-client.tsx,208,错误/反馈,无法读取知乎登录状态,解释失败、等待或保存结果，避免用户误判状态。,被多个页面复用；润色时检查是否同时影响多个页面和状态。,保留动态占位符/变量语义；不要把事实性文案改成未经数据支持的断言。
C165,/hatch/consent + /encounter/first + /share,共享组件,src/features/demo/interaction-client.tsx,215,错误/反馈,无法读取知乎登录状态,解释失败、等待或保存结果，避免用户误判状态。,被多个页面复用；润色时检查是否同时影响多个页面和状态。,保留动态占位符/变量语义；不要把事实性文案改成未经数据支持的断言。
C166,/hatch/consent + /encounter/first + /share,共享组件,src/features/demo/interaction-client.tsx,230,其他固定 UI 文案,/> 开发模式：直接孵化 <ArrowForwardRoundedIcon fontSize=,页面可见的固定文字或开发/兜底可见文本。,被多个页面复用；润色时检查是否同时影响多个页面和状态。,保留动态占位符/变量语义；不要把事实性文案改成未经数据支持的断言。
C167,/hatch/consent + /encounter/first + /share,共享组件,src/features/demo/interaction-client.tsx,230,其他固定 UI 文案,开发模式：直接孵化,页面可见的固定文字或开发/兜底可见文本。,被多个页面复用；润色时检查是否同时影响多个页面和状态。,保留动态占位符/变量语义；不要把事实性文案改成未经数据支持的断言。
C168,/hatch/consent + /encounter/first + /share,共享组件,src/features/demo/interaction-client.tsx,232,说明正文,仅本地开发环境跳过注册 / OAuth，方便连续验收后续页面；生产环境仍走正式知乎授权。,解释机制、原因、边界或当前发生了什么。,被多个页面复用；润色时检查是否同时影响多个页面和状态。,保留动态占位符/变量语义；不要把事实性文案改成未经数据支持的断言。
C169,/hatch/consent + /encounter/first + /share,共享组件,src/features/demo/interaction-client.tsx,241,其他固定 UI 文案,"<LoginRoundedIcon fontSize=""small"" /> 正在检查知乎登录…",页面可见的固定文字或开发/兜底可见文本。,被多个页面复用；润色时检查是否同时影响多个页面和状态。,保留动态占位符/变量语义；不要把事实性文案改成未经数据支持的断言。
C170,/hatch/consent + /encounter/first + /share,共享组件,src/features/demo/interaction-client.tsx,259,其他固定 UI 文案,/> 已连接知乎，继续孵化 <ArrowForwardRoundedIcon fontSize=,页面可见的固定文字或开发/兜底可见文本。,被多个页面复用；润色时检查是否同时影响多个页面和状态。,保留动态占位符/变量语义；不要把事实性文案改成未经数据支持的断言。
C171,/hatch/consent + /encounter/first + /share,共享组件,src/features/demo/interaction-client.tsx,259,其他固定 UI 文案,已连接知乎，继续孵化,页面可见的固定文字或开发/兜底可见文本。,被多个页面复用；润色时检查是否同时影响多个页面和状态。,保留动态占位符/变量语义；不要把事实性文案改成未经数据支持的断言。
C172,/hatch/consent + /encounter/first + /share,共享组件,src/features/demo/interaction-client.tsx,269,其他固定 UI 文案,/> 登录知乎并授权 <ArrowForwardRoundedIcon fontSize=,页面可见的固定文字或开发/兜底可见文本。,被多个页面复用；润色时检查是否同时影响多个页面和状态。,保留动态占位符/变量语义；不要把事实性文案改成未经数据支持的断言。
C173,/hatch/consent + /encounter/first + /share,共享组件,src/features/demo/interaction-client.tsx,269,其他固定 UI 文案,登录知乎并授权,页面可见的固定文字或开发/兜底可见文本。,被多个页面复用；润色时检查是否同时影响多个页面和状态。,保留动态占位符/变量语义；不要把事实性文案改成未经数据支持的断言。
C174,/hatch/consent + /encounter/first + /share,共享组件,src/features/demo/interaction-client.tsx,271,说明正文,将跳转到知乎官方授权页；完成授权后自动回到谢邀喵继续孵化。,解释机制、原因、边界或当前发生了什么。,被多个页面复用；润色时检查是否同时影响多个页面和状态。,保留动态占位符/变量语义；不要把事实性文案改成未经数据支持的断言。
C175,/hatch/consent + /encounter/first + /share,共享组件,src/features/demo/interaction-client.tsx,288,其他固定 UI 文案,先用公开数据孵化一只,页面可见的固定文字或开发/兜底可见文本。,被多个页面复用；润色时检查是否同时影响多个页面和状态。,保留动态占位符/变量语义；不要把事实性文案改成未经数据支持的断言。
C176,/hatch/consent + /encounter/first + /share,共享组件,src/features/demo/interaction-client.tsx,288,其他固定 UI 文案,用当前知乎开发账号继续,页面可见的固定文字或开发/兜底可见文本。,被多个页面复用；润色时检查是否同时影响多个页面和状态。,保留动态占位符/变量语义；不要把事实性文案改成未经数据支持的断言。
C177,/hatch/consent + /encounter/first + /share,共享组件,src/features/demo/interaction-client.tsx,292,其他固定 UI 文案,知乎正式授权正在接入；试玩会使用项目测试账号的公开知乎内容，完整体验人格孵化流程。,页面可见的固定文字或开发/兜底可见文本。,被多个页面复用；润色时检查是否同时影响多个页面和状态。,保留动态占位符/变量语义；不要把事实性文案改成未经数据支持的断言。
C178,/hatch/consent + /encounter/first + /share,共享组件,src/features/demo/interaction-client.tsx,293,其他固定 UI 文案,本地会读取当前开发账号的真实公开数据；正式 OAuth 凭证与公网回调配置完成后，同一位置切换为知乎官方登录。,页面可见的固定文字或开发/兜底可见文本。,被多个页面复用；润色时检查是否同时影响多个页面和状态。,保留动态占位符/变量语义；不要把事实性文案改成未经数据支持的断言。
C179,/hatch/consent + /encounter/first + /share,共享组件,src/features/demo/interaction-client.tsx,302,其他固定 UI 文案,"<LoginRoundedIcon fontSize=""small"" /> 知乎登录尚未配置",页面可见的固定文字或开发/兜底可见文本。,被多个页面复用；润色时检查是否同时影响多个页面和状态。,保留动态占位符/变量语义；不要把事实性文案改成未经数据支持的断言。
C180,/hatch/consent + /encounter/first + /share,共享组件,src/features/demo/interaction-client.tsx,304,说明正文,需要先配置知乎 OAuth 应用与平台登记的公网 HTTPS 回调地址。,解释机制、原因、边界或当前发生了什么。,被多个页面复用；润色时检查是否同时影响多个页面和状态。,保留动态占位符/变量语义；不要把事实性文案改成未经数据支持的断言。
C181,/hatch/consent + /encounter/first + /share,共享组件,src/features/demo/interaction-client.tsx,345,无障碍/图像说明,关闭,帮助屏幕阅读器或解释视觉对象。,被多个页面复用；润色时检查是否同时影响多个页面和状态。,保留动态占位符/变量语义；不要把事实性文案改成未经数据支持的断言。
C182,/hatch/consent + /encounter/first + /share,共享组件,src/features/demo/interaction-client.tsx,370,其他固定 UI 文案,长答工程脑,页面可见的固定文字或开发/兜底可见文本。,被多个页面复用；润色时检查是否同时影响多个页面和状态。,保留动态占位符/变量语义；不要把事实性文案改成未经数据支持的断言。
C183,/hatch/consent + /encounter/first + /share,共享组件,src/features/demo/interaction-client.tsx,372,其他固定 UI 文案,短句直给型,页面可见的固定文字或开发/兜底可见文本。,被多个页面复用；润色时检查是否同时影响多个页面和状态。,保留动态占位符/变量语义；不要把事实性文案改成未经数据支持的断言。
C184,/hatch/consent + /encounter/first + /share,共享组件,src/features/demo/interaction-client.tsx,373,其他固定 UI 文案,结构化表达型,页面可见的固定文字或开发/兜底可见文本。,被多个页面复用；润色时检查是否同时影响多个页面和状态。,保留动态占位符/变量语义；不要把事实性文案改成未经数据支持的断言。
C185,/hatch/consent + /encounter/first + /share,共享组件,src/features/demo/interaction-client.tsx,375,其他固定 UI 文案,正在比较两种思考方式…,页面可见的固定文字或开发/兜底可见文本。,被多个页面复用；润色时检查是否同时影响多个页面和状态。,保留动态占位符/变量语义；不要把事实性文案改成未经数据支持的断言。
C186,/hatch/consent + /encounter/first + /share,共享组件,src/features/demo/interaction-client.tsx,375,其他固定 UI 文案,匹配结果暂时不可用,页面可见的固定文字或开发/兜底可见文本。,被多个页面复用；润色时检查是否同时影响多个页面和状态。,保留动态占位符/变量语义；不要把事实性文案改成未经数据支持的断言。
C187,/hatch/consent + /encounter/first + /share,共享组件,src/features/demo/interaction-client.tsx,376,其他固定 UI 文案,寻找连接点…,页面可见的固定文字或开发/兜底可见文本。,被多个页面复用；润色时检查是否同时影响多个页面和状态。,保留动态占位符/变量语义；不要把事实性文案改成未经数据支持的断言。
C188,/hatch/consent + /encounter/first + /share,共享组件,src/features/demo/interaction-client.tsx,407,眉题/舞台标签,SCENE 05 · 两个不同的思考方式，也许能走得很远,说明场景、阶段或信息类型。,被多个页面复用；润色时检查是否同时影响多个页面和状态。,保留动态占位符/变量语义；不要把事实性文案改成未经数据支持的断言。
C189,/hatch/consent + /encounter/first + /share,共享组件,src/features/demo/interaction-client.tsx,408,标题,第一次,建立页面/卡片主命题与注意力层级。,被多个页面复用；润色时检查是否同时影响多个页面和状态。,保留动态占位符/变量语义；不要把事实性文案改成未经数据支持的断言。
C190,/hatch/consent + /encounter/first + /share,共享组件,src/features/demo/interaction-client.tsx,408,标题,相遇,建立页面/卡片主命题与注意力层级。,被多个页面复用；润色时检查是否同时影响多个页面和状态。,保留动态占位符/变量语义；不要把事实性文案改成未经数据支持的断言。
C191,/hatch/consent + /encounter/first + /share,共享组件,src/features/demo/interaction-client.tsx,409,说明正文,不同，才更有意思。,解释机制、原因、边界或当前发生了什么。,被多个页面复用；润色时检查是否同时影响多个页面和状态。,保留动态占位符/变量语义；不要把事实性文案改成未经数据支持的断言。
C192,/hatch/consent + /encounter/first + /share,共享组件,src/features/demo/interaction-client.tsx,413,无障碍/图像说明,本喵第一次遇见候选 Persona,帮助屏幕阅读器或解释视觉对象。,被多个页面复用；润色时检查是否同时影响多个页面和状态。,保留动态占位符/变量语义；不要把事实性文案改成未经数据支持的断言。
C193,/hatch/consent + /encounter/first + /share,共享组件,src/features/demo/interaction-client.tsx,419,标签/状态,谢邀喵匹配度,给指标、状态、角色或来源提供短标签。,被多个页面复用；润色时检查是否同时影响多个页面和状态。,保留动态占位符/变量语义；不要把事实性文案改成未经数据支持的断言。
C194,/hatch/consent + /encounter/first + /share,共享组件,src/features/demo/interaction-client.tsx,422,标签/状态,共同兴趣,给指标、状态、角色或来源提供短标签。,被多个页面复用；润色时检查是否同时影响多个页面和状态。,保留动态占位符/变量语义；不要把事实性文案改成未经数据支持的断言。
C195,/hatch/consent + /encounter/first + /share,共享组件,src/features/demo/interaction-client.tsx,422,标签/状态,你的长期偏好,给指标、状态、角色或来源提供短标签。,被多个页面复用；润色时检查是否同时影响多个页面和状态。,保留动态占位符/变量语义；不要把事实性文案改成未经数据支持的断言。
C196,/hatch/consent + /encounter/first + /share,共享组件,src/features/demo/interaction-client.tsx,424,标签/状态,知乎直答找到的连接点,给指标、状态、角色或来源提供短标签。,被多个页面复用；润色时检查是否同时影响多个页面和状态。,保留动态占位符/变量语义；不要把事实性文案改成未经数据支持的断言。
C197,/hatch/consent + /encounter/first + /share,共享组件,src/features/demo/interaction-client.tsx,424,标签/状态,决定第一场对手戏,给指标、状态、角色或来源提供短标签。,被多个页面复用；润色时检查是否同时影响多个页面和状态。,保留动态占位符/变量语义；不要把事实性文案改成未经数据支持的断言。
C198,/hatch/consent + /encounter/first + /share,共享组件,src/features/demo/interaction-client.tsx,424,标签/状态,连接话题,给指标、状态、角色或来源提供短标签。,被多个页面复用；润色时检查是否同时影响多个页面和状态。,保留动态占位符/变量语义；不要把事实性文案改成未经数据支持的断言。
C199,/hatch/consent + /encounter/first + /share,共享组件,src/features/demo/interaction-client.tsx,442,标签/状态,共同,给指标、状态、角色或来源提供短标签。,被多个页面复用；润色时检查是否同时影响多个页面和状态。,保留动态占位符/变量语义；不要把事实性文案改成未经数据支持的断言。
C200,/hatch/consent + /encounter/first + /share,共享组件,src/features/demo/interaction-client.tsx,443,标签/状态,不同,给指标、状态、角色或来源提供短标签。,被多个页面复用；润色时检查是否同时影响多个页面和状态。,保留动态占位符/变量语义；不要把事实性文案改成未经数据支持的断言。
C201,/hatch/consent + /encounter/first + /share,共享组件,src/features/demo/interaction-client.tsx,447,标签/状态,理性玩梗,给指标、状态、角色或来源提供短标签。,被多个页面复用；润色时检查是否同时影响多个页面和状态。,保留动态占位符/变量语义；不要把事实性文案改成未经数据支持的断言。
C202,/hatch/consent + /encounter/first + /share,共享组件,src/features/demo/interaction-client.tsx,451,说明正文,关系预测：{prediction},解释机制、原因、边界或当前发生了什么。,被多个页面复用；润色时检查是否同时影响多个页面和状态。,保留动态占位符/变量语义；不要把事实性文案改成未经数据支持的断言。
C203,/hatch/consent + /encounter/first + /share,共享组件,src/features/demo/interaction-client.tsx,453,其他固定 UI 文案,正在比较两种思考方式…,页面可见的固定文字或开发/兜底可见文本。,被多个页面复用；润色时检查是否同时影响多个页面和状态。,保留动态占位符/变量语义；不要把事实性文案改成未经数据支持的断言。
C204,/hatch/consent + /encounter/first + /share,共享组件,src/features/demo/interaction-client.tsx,453,其他固定 UI 文案,先从共同兴趣和表达差异建立第一条连接。,页面可见的固定文字或开发/兜底可见文本。,被多个页面复用；润色时检查是否同时影响多个页面和状态。,保留动态占位符/变量语义；不要把事实性文案改成未经数据支持的断言。
C205,/hatch/consent + /encounter/first + /share,共享组件,src/features/demo/interaction-client.tsx,455,其他固定 UI 文案,匹配中,页面可见的固定文字或开发/兜底可见文本。,被多个页面复用；润色时检查是否同时影响多个页面和状态。,保留动态占位符/变量语义；不要把事实性文案改成未经数据支持的断言。
C206,/hatch/consent + /encounter/first + /share,共享组件,src/features/demo/interaction-client.tsx,455,其他固定 UI 文案,匹配暂不可用,页面可见的固定文字或开发/兜底可见文本。,被多个页面复用；润色时检查是否同时影响多个页面和状态。,保留动态占位符/变量语义；不要把事实性文案改成未经数据支持的断言。
C207,/hatch/consent + /encounter/first + /share,共享组件,src/features/demo/interaction-client.tsx,468,标签/状态,让它们先聊两句 <span>→</span>,给指标、状态、角色或来源提供短标签。,被多个页面复用；润色时检查是否同时影响多个页面和状态。,保留动态占位符/变量语义；不要把事实性文案改成未经数据支持的断言。
C208,/hatch/consent + /encounter/first + /share,共享组件,src/features/demo/interaction-client.tsx,475,其他固定 UI 文案,换一个候选 ↻,页面可见的固定文字或开发/兜底可见文本。,被多个页面复用；润色时检查是否同时影响多个页面和状态。,保留动态占位符/变量语义；不要把事实性文案改成未经数据支持的断言。
C209,/hatch/consent + /encounter/first + /share,共享组件,src/features/demo/interaction-client.tsx,566,其他固定 UI 文案,这轮接话断了一下。再让它们试一次。,页面可见的固定文字或开发/兜底可见文本。,被多个页面复用；润色时检查是否同时影响多个页面和状态。,保留动态占位符/变量语义；不要把事实性文案改成未经数据支持的断言。
C210,/hatch/consent + /encounter/first + /share,共享组件,src/features/demo/interaction-client.tsx,610,其他固定 UI 文案,正在把今天的问题带进舞台…,页面可见的固定文字或开发/兜底可见文本。,被多个页面复用；润色时检查是否同时影响多个页面和状态。,保留动态占位符/变量语义；不要把事实性文案改成未经数据支持的断言。
C211,/hatch/consent + /encounter/first + /share,共享组件,src/features/demo/interaction-client.tsx,614,其他固定 UI 文案,聊到第 ${roundCount} 轮，刚好停在这里。,页面可见的固定文字或开发/兜底可见文本。,被多个页面复用；润色时检查是否同时影响多个页面和状态。,保留动态占位符/变量语义；不要把事实性文案改成未经数据支持的断言。
C212,/hatch/consent + /encounter/first + /share,共享组件,src/features/demo/interaction-client.tsx,617,其他固定 UI 文案,两只 Persona 正在找第一句。,页面可见的固定文字或开发/兜底可见文本。,被多个页面复用；润色时检查是否同时影响多个页面和状态。,保留动态占位符/变量语义；不要把事实性文案改成未经数据支持的断言。
C213,/hatch/consent + /encounter/first + /share,共享组件,src/features/demo/interaction-client.tsx,618,其他固定 UI 文案,第 ${roundCount + 1} 轮，它们还在接话。,页面可见的固定文字或开发/兜底可见文本。,被多个页面复用；润色时检查是否同时影响多个页面和状态。,保留动态占位符/变量语义；不要把事实性文案改成未经数据支持的断言。
C214,/hatch/consent + /encounter/first + /share,共享组件,src/features/demo/interaction-client.tsx,619,其他固定 UI 文案,准备接下一句。,页面可见的固定文字或开发/兜底可见文本。,被多个页面复用；润色时检查是否同时影响多个页面和状态。,保留动态占位符/变量语义；不要把事实性文案改成未经数据支持的断言。
C215,/hatch/consent + /encounter/first + /share,共享组件,src/features/demo/interaction-client.tsx,624,说明正文,同一个知乎问题，两种性格自己往下聊。,解释机制、原因、边界或当前发生了什么。,被多个页面复用；润色时检查是否同时影响多个页面和状态。,保留动态占位符/变量语义；不要把事实性文案改成未经数据支持的断言。
C216,/hatch/consent + /encounter/first + /share,共享组件,src/features/demo/interaction-client.tsx,628,无障碍/图像说明,本喵正在和社区居民对话,帮助屏幕阅读器或解释视觉对象。,被多个页面复用；润色时检查是否同时影响多个页面和状态。,保留动态占位符/变量语义；不要把事实性文案改成未经数据支持的断言。
C217,/hatch/consent + /encounter/first + /share,共享组件,src/features/demo/interaction-client.tsx,630,标签/状态,理性玩梗,给指标、状态、角色或来源提供短标签。,被多个页面复用；润色时检查是否同时影响多个页面和状态。,保留动态占位符/变量语义；不要把事实性文案改成未经数据支持的断言。
C218,/hatch/consent + /encounter/first + /share,共享组件,src/features/demo/interaction-client.tsx,633,标签/状态,知乎 · 真实问题,给指标、状态、角色或来源提供短标签。,被多个页面复用；润色时检查是否同时影响多个页面和状态。,保留动态占位符/变量语义；不要把事实性文案改成未经数据支持的断言。
C219,/hatch/consent + /encounter/first + /share,共享组件,src/features/demo/interaction-client.tsx,635,其他固定 UI 文案,查看原问题 ↗,页面可见的固定文字或开发/兜底可见文本。,被多个页面复用；润色时检查是否同时影响多个页面和状态。,保留动态占位符/变量语义；不要把事实性文案改成未经数据支持的断言。
C220,/hatch/consent + /encounter/first + /share,共享组件,src/features/demo/interaction-client.tsx,639,无障碍/图像说明,${candidate.displayName} 正在和本喵对话,帮助屏幕阅读器或解释视觉对象。,被多个页面复用；润色时检查是否同时影响多个页面和状态。,保留动态占位符/变量语义；不要把事实性文案改成未经数据支持的断言。
C221,/hatch/consent + /encounter/first + /share,共享组件,src/features/demo/interaction-client.tsx,658,其他固定 UI 文案,本喵,页面可见的固定文字或开发/兜底可见文本。,被多个页面复用；润色时检查是否同时影响多个页面和状态。,保留动态占位符/变量语义；不要把事实性文案改成未经数据支持的断言。
C222,/hatch/consent + /encounter/first + /share,共享组件,src/features/demo/interaction-client.tsx,667,标签/状态,找第一句,给指标、状态、角色或来源提供短标签。,被多个页面复用；润色时检查是否同时影响多个页面和状态。,保留动态占位符/变量语义；不要把事实性文案改成未经数据支持的断言。
C223,/hatch/consent + /encounter/first + /share,共享组件,src/features/demo/interaction-client.tsx,667,标签/状态,接下一轮,给指标、状态、角色或来源提供短标签。,被多个页面复用；润色时检查是否同时影响多个页面和状态。,保留动态占位符/变量语义；不要把事实性文案改成未经数据支持的断言。
C224,/hatch/consent + /encounter/first + /share,共享组件,src/features/demo/interaction-client.tsx,674,其他固定 UI 文案,双 Persona 对话,页面可见的固定文字或开发/兜底可见文本。,被多个页面复用；润色时检查是否同时影响多个页面和状态。,保留动态占位符/变量语义；不要把事实性文案改成未经数据支持的断言。
C225,/hatch/consent + /encounter/first + /share,共享组件,src/features/demo/interaction-client.tsx,678,CTA/导航,再接一次 ↻,推动下一步操作或页面跳转。,被多个页面复用；润色时检查是否同时影响多个页面和状态。,保留动态占位符/变量语义；不要把事实性文案改成未经数据支持的断言。
C226,/hatch/consent + /encounter/first + /share,共享组件,src/features/demo/interaction-client.tsx,692,其他固定 UI 文案,它们还在聊…,页面可见的固定文字或开发/兜底可见文本。,被多个页面复用；润色时检查是否同时影响多个页面和状态。,保留动态占位符/变量语义；不要把事实性文案改成未经数据支持的断言。
C227,/hatch/consent + /encounter/first + /share,共享组件,src/features/demo/interaction-client.tsx,694,其他固定 UI 文案,关系落笔中…,页面可见的固定文字或开发/兜底可见文本。,被多个页面复用；润色时检查是否同时影响多个页面和状态。,保留动态占位符/变量语义；不要把事实性文案改成未经数据支持的断言。
C228,/hatch/consent + /encounter/first + /share,共享组件,src/features/demo/interaction-client.tsx,695,标签/状态,收下这段关系,给指标、状态、角色或来源提供短标签。,被多个页面复用；润色时检查是否同时影响多个页面和状态。,保留动态占位符/变量语义；不要把事实性文案改成未经数据支持的断言。
C229,/hatch/consent + /encounter/first + /share,共享组件,src/features/demo/interaction-client.tsx,698,其他固定 UI 文案,再看一个,页面可见的固定文字或开发/兜底可见文本。,被多个页面复用；润色时检查是否同时影响多个页面和状态。,保留动态占位符/变量语义；不要把事实性文案改成未经数据支持的断言。
C230,/hatch/consent + /encounter/first + /share,共享组件,src/features/demo/interaction-client.tsx,719,无障碍/图像说明,本喵完成第一次相遇,帮助屏幕阅读器或解释视觉对象。,被多个页面复用；润色时检查是否同时影响多个页面和状态。,保留动态占位符/变量语义；不要把事实性文案改成未经数据支持的断言。
C231,/hatch/consent + /encounter/first + /share,共享组件,src/features/demo/interaction-client.tsx,722,无障碍/图像说明,${resident.displayName} 与本喵的第一次关系纪念照,帮助屏幕阅读器或解释视觉对象。,被多个页面复用；润色时检查是否同时影响多个页面和状态。,保留动态占位符/变量语义；不要把事实性文案改成未经数据支持的断言。
C232,/hatch/consent + /encounter/first + /share,共享组件,src/features/demo/interaction-client.tsx,755,其他固定 UI 文案,谢邀喵：第一段关系已经成立。${title} × ${residentName}${relationship ?,页面可见的固定文字或开发/兜底可见文本。,被多个页面复用；润色时检查是否同时影响多个页面和状态。,保留动态占位符/变量语义；不要把事实性文案改成未经数据支持的断言。
C233,/hatch/consent + /encounter/first + /share,共享组件,src/features/demo/interaction-client.tsx,766,标签/状态,分享文案已复制,给指标、状态、角色或来源提供短标签。,被多个页面复用；润色时检查是否同时影响多个页面和状态。,保留动态占位符/变量语义；不要把事实性文案改成未经数据支持的断言。
C234,/hatch/consent + /encounter/first + /share,共享组件,src/features/demo/interaction-client.tsx,766,标签/状态,保存这一幕,给指标、状态、角色或来源提供短标签。,被多个页面复用；润色时检查是否同时影响多个页面和状态。,保留动态占位符/变量语义；不要把事实性文案改成未经数据支持的断言。
C235,/explore + /encounter + /journey/[journeyId] + /relationship/[relationshipId] + /atlas + landing signal,共享组件,src/features/demo/live/daily-live-client.tsx,22,其他固定 UI 文案,这只喵没有解释，只把问题叼了回来。,页面可见的固定文字或开发/兜底可见文本。,被多个页面复用；润色时检查是否同时影响多个页面和状态。,保留动态占位符/变量语义；不要把事实性文案改成未经数据支持的断言。
C236,/explore + /encounter + /journey/[journeyId] + /relationship/[relationshipId] + /atlas + landing signal,共享组件,src/features/demo/live/daily-live-client.tsx,27,其他固定 UI 文案,它先在这题前停了下来。你常看「${primaryInterest}」，这题又刚好留了个能继续追问的口子。,页面可见的固定文字或开发/兜底可见文本。,被多个页面复用；润色时检查是否同时影响多个页面和状态。,保留动态占位符/变量语义；不要把事实性文案改成未经数据支持的断言。
C237,/explore + /encounter + /journey/[journeyId] + /relationship/[relationshipId] + /atlas + landing signal,共享组件,src/features/demo/live/daily-live-client.tsx,28,其他固定 UI 文案,和「${primaryInterest}」不完全同路，所以它反而多看了一会儿。,页面可见的固定文字或开发/兜底可见文本。,被多个页面复用；润色时检查是否同时影响多个页面和状态。,保留动态占位符/变量语义；不要把事实性文案改成未经数据支持的断言。
C238,/explore + /encounter + /journey/[journeyId] + /relationship/[relationshipId] + /atlas + landing signal,共享组件,src/features/demo/live/daily-live-client.tsx,29,其他固定 UI 文案,完全是顺路拐进去的陌生地方。它觉得这张票根值得带回来。,页面可见的固定文字或开发/兜底可见文本。,被多个页面复用；润色时检查是否同时影响多个页面和状态。,保留动态占位符/变量语义；不要把事实性文案改成未经数据支持的断言。
C239,/explore + /encounter + /journey/[journeyId] + /relationship/[relationshipId] + /atlas + landing signal,共享组件,src/features/demo/live/daily-live-client.tsx,98,眉题/舞台标签,JOURNEY LOG · 它今天去了哪里,说明场景、阶段或信息类型。,被多个页面复用；润色时检查是否同时影响多个页面和状态。,保留动态占位符/变量语义；不要把事实性文案改成未经数据支持的断言。
C240,/explore + /encounter + /journey/[journeyId] + /relationship/[relationshipId] + /atlas + landing signal,共享组件,src/features/demo/live/daily-live-client.tsx,98,眉题/舞台标签,PUBLIC EXPLORE · 看看别人养出了什么,说明场景、阶段或信息类型。,被多个页面复用；润色时检查是否同时影响多个页面和状态。,保留动态占位符/变量语义；不要把事实性文案改成未经数据支持的断言。
C241,/explore + /encounter + /journey/[journeyId] + /relationship/[relationshipId] + /atlas + landing signal,共享组件,src/features/demo/live/daily-live-client.tsx,99,标题,它今天去了,建立页面/卡片主命题与注意力层级。,被多个页面复用；润色时检查是否同时影响多个页面和状态。,保留动态占位符/变量语义；不要把事实性文案改成未经数据支持的断言。
C242,/explore + /encounter + /journey/[journeyId] + /relationship/[relationshipId] + /atlas + landing signal,共享组件,src/features/demo/live/daily-live-client.tsx,99,标题,知乎,建立页面/卡片主命题与注意力层级。,被多个页面复用；润色时检查是否同时影响多个页面和状态。,保留动态占位符/变量语义；不要把事实性文案改成未经数据支持的断言。
C243,/explore + /encounter + /journey/[journeyId] + /relationship/[relationshipId] + /atlas + landing signal,共享组件,src/features/demo/live/daily-live-client.tsx,99,标题,在这个世界里，,建立页面/卡片主命题与注意力层级。,被多个页面复用；润色时检查是否同时影响多个页面和状态。,保留动态占位符/变量语义；不要把事实性文案改成未经数据支持的断言。
C244,/explore + /encounter + /journey/[journeyId] + /relationship/[relationshipId] + /atlas + landing signal,共享组件,src/features/demo/live/daily-live-client.tsx,99,标题,问题会让,建立页面/卡片主命题与注意力层级。,被多个页面复用；润色时检查是否同时影响多个页面和状态。,保留动态占位符/变量语义；不要把事实性文案改成未经数据支持的断言。
C245,/explore + /encounter + /journey/[journeyId] + /relationship/[relationshipId] + /atlas + landing signal,共享组件,src/features/demo/live/daily-live-client.tsx,99,标题,灵魂,建立页面/卡片主命题与注意力层级。,被多个页面复用；润色时检查是否同时影响多个页面和状态。,保留动态占位符/变量语义；不要把事实性文案改成未经数据支持的断言。
C246,/explore + /encounter + /journey/[journeyId] + /relationship/[relationshipId] + /atlas + landing signal,共享组件,src/features/demo/live/daily-live-client.tsx,99,标题,相遇。,建立页面/卡片主命题与注意力层级。,被多个页面复用；润色时检查是否同时影响多个页面和状态。,保留动态占位符/变量语义；不要把事实性文案改成未经数据支持的断言。
C247,/explore + /encounter + /journey/[journeyId] + /relationship/[relationshipId] + /atlas + landing signal,共享组件,src/features/demo/live/daily-live-client.tsx,100,说明正文,它现在知道你最常停留在「${primaryInterest}」，但不会只去那里。,解释机制、原因、边界或当前发生了什么。,被多个页面复用；润色时检查是否同时影响多个页面和状态。,保留动态占位符/变量语义；不要把事实性文案改成未经数据支持的断言。
C248,/explore + /encounter + /journey/[journeyId] + /relationship/[relationshipId] + /atlas + landing signal,共享组件,src/features/demo/live/daily-live-client.tsx,100,说明正文,这里展示的是当前知乎公开问题如何进入谢邀喵的世界。,解释机制、原因、边界或当前发生了什么。,被多个页面复用；润色时检查是否同时影响多个页面和状态。,保留动态占位符/变量语义；不要把事实性文案改成未经数据支持的断言。
C249,/explore + /encounter + /journey/[journeyId] + /relationship/[relationshipId] + /atlas + landing signal,共享组件,src/features/demo/live/daily-live-client.tsx,109,无障碍/图像说明,${catName}背着包走进知乎知识世界,帮助屏幕阅读器或解释视觉对象。,被多个页面复用；润色时检查是否同时影响多个页面和状态。,保留动态占位符/变量语义；不要把事实性文案改成未经数据支持的断言。
C250,/explore + /encounter + /journey/[journeyId] + /relationship/[relationshipId] + /atlas + landing signal,共享组件,src/features/demo/live/daily-live-client.tsx,111,无障碍/图像说明,社区居民群像,帮助屏幕阅读器或解释视觉对象。,被多个页面复用；润色时检查是否同时影响多个页面和状态。,保留动态占位符/变量语义；不要把事实性文案改成未经数据支持的断言。
C251,/explore + /encounter + /journey/[journeyId] + /relationship/[relationshipId] + /atlas + landing signal,共享组件,src/features/demo/live/daily-live-client.tsx,129,其他固定 UI 文案,现在热榜,页面可见的固定文字或开发/兜底可见文本。,被多个页面复用；润色时检查是否同时影响多个页面和状态。,保留动态占位符/变量语义；不要把事实性文案改成未经数据支持的断言。
C252,/explore + /encounter + /journey/[journeyId] + /relationship/[relationshipId] + /atlas + landing signal,共享组件,src/features/demo/live/daily-live-client.tsx,129,其他固定 UI 文案,顺路看看,页面可见的固定文字或开发/兜底可见文本。,被多个页面复用；润色时检查是否同时影响多个页面和状态。,保留动态占位符/变量语义；不要把事实性文案改成未经数据支持的断言。
C253,/explore + /encounter + /journey/[journeyId] + /relationship/[relationshipId] + /atlas + landing signal,共享组件,src/features/demo/live/daily-live-client.tsx,129,其他固定 UI 文案,再逛一题,页面可见的固定文字或开发/兜底可见文本。,被多个页面复用；润色时检查是否同时影响多个页面和状态。,保留动态占位符/变量语义；不要把事实性文案改成未经数据支持的断言。
C254,/explore + /encounter + /journey/[journeyId] + /relationship/[relationshipId] + /atlas + landing signal,共享组件,src/features/demo/live/daily-live-client.tsx,130,其他固定 UI 文案,最近带回,页面可见的固定文字或开发/兜底可见文本。,被多个页面复用；润色时检查是否同时影响多个页面和状态。,保留动态占位符/变量语义；不要把事实性文案改成未经数据支持的断言。
C255,/explore + /encounter + /journey/[journeyId] + /relationship/[relationshipId] + /atlas + landing signal,共享组件,src/features/demo/live/daily-live-client.tsx,130,其他固定 UI 文案,旅途 ${index + 1},页面可见的固定文字或开发/兜底可见文本。,被多个页面复用；润色时检查是否同时影响多个页面和状态。,保留动态占位符/变量语义；不要把事实性文案改成未经数据支持的断言。
C256,/explore + /encounter + /journey/[journeyId] + /relationship/[relationshipId] + /atlas + landing signal,共享组件,src/features/demo/live/daily-live-client.tsx,135,其他固定 UI 文案,旅途卡 ${index + 1},页面可见的固定文字或开发/兜底可见文本。,被多个页面复用；润色时检查是否同时影响多个页面和状态。,保留动态占位符/变量语义；不要把事实性文案改成未经数据支持的断言。
C257,/explore + /encounter + /journey/[journeyId] + /relationship/[relationshipId] + /atlas + landing signal,共享组件,src/features/demo/live/daily-live-client.tsx,140,标签/状态,现在为什么会看到：,给指标、状态、角色或来源提供短标签。,被多个页面复用；润色时检查是否同时影响多个页面和状态。,保留动态占位符/变量语义；不要把事实性文案改成未经数据支持的断言。
C258,/explore + /encounter + /journey/[journeyId] + /relationship/[relationshipId] + /atlas + landing signal,共享组件,src/features/demo/live/daily-live-client.tsx,140,标签/状态,这一趟：,给指标、状态、角色或来源提供短标签。,被多个页面复用；润色时检查是否同时影响多个页面和状态。,保留动态占位符/变量语义；不要把事实性文案改成未经数据支持的断言。
C259,/explore + /encounter + /journey/[journeyId] + /relationship/[relationshipId] + /atlas + landing signal,共享组件,src/features/demo/live/daily-live-client.tsx,141,其他固定 UI 文案,来自当前知乎公开发现池。它会结合「${primaryInterest}」和你塞进包里的纸条，在真正出门时自己挑一题。,页面可见的固定文字或开发/兜底可见文本。,被多个页面复用；润色时检查是否同时影响多个页面和状态。,保留动态占位符/变量语义；不要把事实性文案改成未经数据支持的断言。
C260,/explore + /encounter + /journey/[journeyId] + /relationship/[relationshipId] + /atlas + landing signal,共享组件,src/features/demo/live/daily-live-client.tsx,142,其他固定 UI 文案,"${item.completedAt ? formatJourneyDate(item.completedAt) : """"} · 纸条「${item.routeBias ?? ""随便逛""}」${item.artifactType === ""RELATION_TICKET"" ? "" · 途中还遇见了另一只猫"" : """"}",页面可见的固定文字或开发/兜底可见文本。,被多个页面复用；润色时检查是否同时影响多个页面和状态。,保留动态占位符/变量语义；不要把事实性文案改成未经数据支持的断言。
C261,/explore + /encounter + /journey/[journeyId] + /relationship/[relationshipId] + /atlas + landing signal,共享组件,src/features/demo/live/daily-live-client.tsx,145,其他固定 UI 文案,"查看知乎原问题 <OpenInNewRoundedIcon fontSize=""inherit"" />",页面可见的固定文字或开发/兜底可见文本。,被多个页面复用；润色时检查是否同时影响多个页面和状态。,保留动态占位符/变量语义；不要把事实性文案改成未经数据支持的断言。
C262,/explore + /encounter + /journey/[journeyId] + /relationship/[relationshipId] + /atlas + landing signal,共享组件,src/features/demo/live/daily-live-client.tsx,153,其他固定 UI 文案,当前知乎发现池,页面可见的固定文字或开发/兜底可见文本。,被多个页面复用；润色时检查是否同时影响多个页面和状态。,保留动态占位符/变量语义；不要把事实性文案改成未经数据支持的断言。
C263,/explore + /encounter + /journey/[journeyId] + /relationship/[relationshipId] + /atlas + landing signal,共享组件,src/features/demo/live/daily-live-client.tsx,153,其他固定 UI 文案,真实旅途航迹,页面可见的固定文字或开发/兜底可见文本。,被多个页面复用；润色时检查是否同时影响多个页面和状态。,保留动态占位符/变量语义；不要把事实性文案改成未经数据支持的断言。
C264,/explore + /encounter + /journey/[journeyId] + /relationship/[relationshipId] + /atlas + landing signal,共享组件,src/features/demo/live/daily-live-client.tsx,155,其他固定 UI 文案,现在刷到 ${questions.length} 个真实公开问题 · 旅行时会从更大的候选池里自己挑,页面可见的固定文字或开发/兜底可见文本。,被多个页面复用；润色时检查是否同时影响多个页面和状态。,保留动态占位符/变量语义；不要把事实性文案改成未经数据支持的断言。
C265,/explore + /encounter + /journey/[journeyId] + /relationship/[relationshipId] + /atlas + landing signal,共享组件,src/features/demo/live/daily-live-client.tsx,157,其他固定 UI 文案,正在翻旅行册……,页面可见的固定文字或开发/兜底可见文本。,被多个页面复用；润色时检查是否同时影响多个页面和状态。,保留动态占位符/变量语义；不要把事实性文案改成未经数据支持的断言。
C266,/explore + /encounter + /journey/[journeyId] + /relationship/[relationshipId] + /atlas + landing signal,共享组件,src/features/demo/live/daily-live-client.tsx,159,其他固定 UI 文案,${primaryInterest} · 最近 ${journeyQuestions.length} 趟带回了问题,页面可见的固定文字或开发/兜底可见文本。,被多个页面复用；润色时检查是否同时影响多个页面和状态。,保留动态占位符/变量语义；不要把事实性文案改成未经数据支持的断言。
C267,/explore + /encounter + /journey/[journeyId] + /relationship/[relationshipId] + /atlas + landing signal,共享组件,src/features/demo/live/daily-live-client.tsx,160,其他固定 UI 文案,知乎发现暂时不可用，旅行册里也还没有问题票根。,页面可见的固定文字或开发/兜底可见文本。,被多个页面复用；润色时检查是否同时影响多个页面和状态。,保留动态占位符/变量语义；不要把事实性文案改成未经数据支持的断言。
C268,/explore + /encounter + /journey/[journeyId] + /relationship/[relationshipId] + /atlas + landing signal,共享组件,src/features/demo/live/daily-live-client.tsx,161,其他固定 UI 文案,回窝看看它在不在 →,页面可见的固定文字或开发/兜底可见文本。,被多个页面复用；润色时检查是否同时影响多个页面和状态。,保留动态占位符/变量语义；不要把事实性文案改成未经数据支持的断言。
C269,/explore + /encounter + /journey/[journeyId] + /relationship/[relationshipId] + /atlas + landing signal,共享组件,src/features/demo/live/daily-live-client.tsx,165,CTA/导航,我也想养一个,推动下一步操作或页面跳转。,被多个页面复用；润色时检查是否同时影响多个页面和状态。,保留动态占位符/变量语义；不要把事实性文案改成未经数据支持的断言。
C270,/explore + /encounter + /journey/[journeyId] + /relationship/[relationshipId] + /atlas + landing signal,共享组件,src/features/demo/live/daily-live-client.tsx,173,其他固定 UI 文案,初见,页面可见的固定文字或开发/兜底可见文本。,被多个页面复用；润色时检查是否同时影响多个页面和状态。,保留动态占位符/变量语义；不要把事实性文案改成未经数据支持的断言。
C271,/explore + /encounter + /journey/[journeyId] + /relationship/[relationshipId] + /atlas + landing signal,共享组件,src/features/demo/live/daily-live-client.tsx,208,标题,昨晚，{latest.displayName}来过。,建立页面/卡片主命题与注意力层级。,被多个页面复用；润色时检查是否同时影响多个页面和状态。,保留动态占位符/变量语义；不要把事实性文案改成未经数据支持的断言。
C272,/explore + /encounter + /journey/[journeyId] + /relationship/[relationshipId] + /atlas + landing signal,共享组件,src/features/demo/live/daily-live-client.tsx,209,CTA/导航,返回关系簿,推动下一步操作或页面跳转。,被多个页面复用；润色时检查是否同时影响多个页面和状态。,保留动态占位符/变量语义；不要把事实性文案改成未经数据支持的断言。
C273,/explore + /encounter + /journey/[journeyId] + /relationship/[relationshipId] + /atlas + landing signal,共享组件,src/features/demo/live/daily-live-client.tsx,212,标签/状态,知乎 · 当前真实问题,给指标、状态、角色或来源提供短标签。,被多个页面复用；润色时检查是否同时影响多个页面和状态。,保留动态占位符/变量语义；不要把事实性文案改成未经数据支持的断言。
C274,/explore + /encounter + /journey/[journeyId] + /relationship/[relationshipId] + /atlas + landing signal,共享组件,src/features/demo/live/daily-live-client.tsx,214,其他固定 UI 文案,>查看知乎原问题 <OpenInNewRoundedIcon fontSize=,页面可见的固定文字或开发/兜底可见文本。,被多个页面复用；润色时检查是否同时影响多个页面和状态。,保留动态占位符/变量语义；不要把事实性文案改成未经数据支持的断言。
C275,/explore + /encounter + /journey/[journeyId] + /relationship/[relationshipId] + /atlas + landing signal,共享组件,src/features/demo/live/daily-live-client.tsx,214,其他固定 UI 文案,查看知乎原问题,页面可见的固定文字或开发/兜底可见文本。,被多个页面复用；润色时检查是否同时影响多个页面和状态。,保留动态占位符/变量语义；不要把事实性文案改成未经数据支持的断言。
C276,/explore + /encounter + /journey/[journeyId] + /relationship/[relationshipId] + /atlas + landing signal,共享组件,src/features/demo/live/daily-live-client.tsx,219,角色台词/引用,：{persona?.catchphrase ?? DEMO_FIXTURE.persona.catchphrase} 先别急着站队，这题要先看谁在承担真正的代价。,塑造 Persona 语气、关系氛围或强调观点。,被多个页面复用；润色时检查是否同时影响多个页面和状态。,保留动态占位符/变量语义；不要把事实性文案改成未经数据支持的断言。
C277,/explore + /encounter + /journey/[journeyId] + /relationship/[relationshipId] + /atlas + landing signal,共享组件,src/features/demo/live/daily-live-client.tsx,220,角色台词/引用,：{latest.catchphrase} 你负责拆结构，我先问普通人的感受是不是被漏掉了。,塑造 Persona 语气、关系氛围或强调观点。,被多个页面复用；润色时检查是否同时影响多个页面和状态。,保留动态占位符/变量语义；不要把事实性文案改成未经数据支持的断言。
C278,/explore + /encounter + /journey/[journeyId] + /relationship/[relationshipId] + /atlas + landing signal,共享组件,src/features/demo/live/daily-live-client.tsx,225,说明正文,>{selfDescriptor} × {latest.personality[0]} · {latestRelationship.status} · 熟悉度 {latestRelationship.familiarity} · 化学反应 {latestRelationship.chemistry >= 0 ?,解释机制、原因、边界或当前发生了什么。,被多个页面复用；润色时检查是否同时影响多个页面和状态。,保留动态占位符/变量语义；不要把事实性文案改成未经数据支持的断言。
C279,/explore + /encounter + /journey/[journeyId] + /relationship/[relationshipId] + /atlas + landing signal,共享组件,src/features/demo/live/daily-live-client.tsx,226,CTA/导航,看看这段关系,推动下一步操作或页面跳转。,被多个页面复用；润色时检查是否同时影响多个页面和状态。,保留动态占位符/变量语义；不要把事实性文案改成未经数据支持的断言。
C280,/explore + /encounter + /journey/[journeyId] + /relationship/[relationshipId] + /atlas + landing signal,共享组件,src/features/demo/live/daily-live-client.tsx,235,标题,最近，,建立页面/卡片主命题与注意力层级。,被多个页面复用；润色时检查是否同时影响多个页面和状态。,保留动态占位符/变量语义；不要把事实性文案改成未经数据支持的断言。
C281,/explore + /encounter + /journey/[journeyId] + /relationship/[relationshipId] + /atlas + landing signal,共享组件,src/features/demo/live/daily-live-client.tsx,235,标题,它,建立页面/卡片主命题与注意力层级。,被多个页面复用；润色时检查是否同时影响多个页面和状态。,保留动态占位符/变量语义；不要把事实性文案改成未经数据支持的断言。
C282,/explore + /encounter + /journey/[journeyId] + /relationship/[relationshipId] + /atlas + landing signal,共享组件,src/features/demo/live/daily-live-client.tsx,235,标题,遇见,建立页面/卡片主命题与注意力层级。,被多个页面复用；润色时检查是否同时影响多个页面和状态。,保留动态占位符/变量语义；不要把事实性文案改成未经数据支持的断言。
C283,/explore + /encounter + /journey/[journeyId] + /relationship/[relationshipId] + /atlas + landing signal,共享组件,src/features/demo/live/daily-live-client.tsx,235,标题,了,建立页面/卡片主命题与注意力层级。,被多个页面复用；润色时检查是否同时影响多个页面和状态。,保留动态占位符/变量语义；不要把事实性文案改成未经数据支持的断言。
C284,/explore + /encounter + /journey/[journeyId] + /relationship/[relationshipId] + /atlas + landing signal,共享组件,src/features/demo/live/daily-live-client.tsx,235,标题,这些有趣的灵魂。,建立页面/卡片主命题与注意力层级。,被多个页面复用；润色时检查是否同时影响多个页面和状态。,保留动态占位符/变量语义；不要把事实性文案改成未经数据支持的断言。
C285,/explore + /encounter + /journey/[journeyId] + /relationship/[relationshipId] + /atlas + landing signal,共享组件,src/features/demo/live/daily-live-client.tsx,236,说明正文,每段关系都从共同兴趣、表达差异和一个真实问题开始。,解释机制、原因、边界或当前发生了什么。,被多个页面复用；润色时检查是否同时影响多个页面和状态。,保留动态占位符/变量语义；不要把事实性文案改成未经数据支持的断言。
C286,/explore + /encounter + /journey/[journeyId] + /relationship/[relationshipId] + /atlas + landing signal,共享组件,src/features/demo/live/daily-live-client.tsx,237,无障碍/图像说明,${catName}坐在剧场回看最近的相遇,帮助屏幕阅读器或解释视觉对象。,被多个页面复用；润色时检查是否同时影响多个页面和状态。,保留动态占位符/变量语义；不要把事实性文案改成未经数据支持的断言。
C287,/explore + /encounter + /journey/[journeyId] + /relationship/[relationshipId] + /atlas + landing signal,共享组件,src/features/demo/live/daily-live-client.tsx,242,其他固定 UI 文案,最近相遇 / ${latest.displayName},页面可见的固定文字或开发/兜底可见文本。,被多个页面复用；润色时检查是否同时影响多个页面和状态。,保留动态占位符/变量语义；不要把事实性文案改成未经数据支持的断言。
C288,/explore + /encounter + /journey/[journeyId] + /relationship/[relationshipId] + /atlas + landing signal,共享组件,src/features/demo/live/daily-live-client.tsx,245,标签/状态,最近的相遇 · LATEST ENCOUNTER,给指标、状态、角色或来源提供短标签。,被多个页面复用；润色时检查是否同时影响多个页面和状态。,保留动态占位符/变量语义；不要把事实性文案改成未经数据支持的断言。
C289,/explore + /encounter + /journey/[journeyId] + /relationship/[relationshipId] + /atlas + landing signal,共享组件,src/features/demo/live/daily-live-client.tsx,248,标签/状态,"= 0 ? ""+"" : """"}{latestRelationship.chemistry} · 已相遇 {latestRelationship.encounterCount} 次",给指标、状态、角色或来源提供短标签。,被多个页面复用；润色时检查是否同时影响多个页面和状态。,保留动态占位符/变量语义；不要把事实性文案改成未经数据支持的断言。
C290,/explore + /encounter + /journey/[journeyId] + /relationship/[relationshipId] + /atlas + landing signal,共享组件,src/features/demo/live/daily-live-client.tsx,249,说明正文,最近一次，它们围着「{question.title}」碰到了一起。共同兴趣让它们愿意停下来，表达差异决定了这场对话不会太无聊。,解释机制、原因、边界或当前发生了什么。,被多个页面复用；润色时检查是否同时影响多个页面和状态。,保留动态占位符/变量语义；不要把事实性文案改成未经数据支持的断言。
C291,/explore + /encounter + /journey/[journeyId] + /relationship/[relationshipId] + /atlas + landing signal,共享组件,src/features/demo/live/daily-live-client.tsx,251,CTA/导航,看这一幕 →,推动下一步操作或页面跳转。,被多个页面复用；润色时检查是否同时影响多个页面和状态。,保留动态占位符/变量语义；不要把事实性文案改成未经数据支持的断言。
C292,/explore + /encounter + /journey/[journeyId] + /relationship/[relationshipId] + /atlas + landing signal,共享组件,src/features/demo/live/daily-live-client.tsx,256,标题,关系簿,建立页面/卡片主命题与注意力层级。,被多个页面复用；润色时检查是否同时影响多个页面和状态。,保留动态占位符/变量语义；不要把事实性文案改成未经数据支持的断言。
C293,/explore + /encounter + /journey/[journeyId] + /relationship/[relationshipId] + /atlas + landing signal,共享组件,src/features/demo/live/daily-live-client.tsx,262,标签/状态,查看关系 →,给指标、状态、角色或来源提供短标签。,被多个页面复用；润色时检查是否同时影响多个页面和状态。,保留动态占位符/变量语义；不要把事实性文案改成未经数据支持的断言。
C294,/explore + /encounter + /journey/[journeyId] + /relationship/[relationshipId] + /atlas + landing signal,共享组件,src/features/demo/live/daily-live-client.tsx,292,其他固定 UI 文案,⌂ 探索首页,页面可见的固定文字或开发/兜底可见文本。,被多个页面复用；润色时检查是否同时影响多个页面和状态。,保留动态占位符/变量语义；不要把事实性文案改成未经数据支持的断言。
C295,/explore + /encounter + /journey/[journeyId] + /relationship/[relationshipId] + /atlas + landing signal,共享组件,src/features/demo/live/daily-live-client.tsx,293,其他固定 UI 文案,▣ 旅途详情,页面可见的固定文字或开发/兜底可见文本。,被多个页面复用；润色时检查是否同时影响多个页面和状态。,保留动态占位符/变量语义；不要把事实性文案改成未经数据支持的断言。
C296,/explore + /encounter + /journey/[journeyId] + /relationship/[relationshipId] + /atlas + landing signal,共享组件,src/features/demo/live/daily-live-client.tsx,294,其他固定 UI 文案,▤ 收集图鉴,页面可见的固定文字或开发/兜底可见文本。,被多个页面复用；润色时检查是否同时影响多个页面和状态。,保留动态占位符/变量语义；不要把事实性文案改成未经数据支持的断言。
C297,/explore + /encounter + /journey/[journeyId] + /relationship/[relationshipId] + /atlas + landing signal,共享组件,src/features/demo/live/daily-live-client.tsx,295,其他固定 UI 文案,◎ 喵的足迹,页面可见的固定文字或开发/兜底可见文本。,被多个页面复用；润色时检查是否同时影响多个页面和状态。,保留动态占位符/变量语义；不要把事实性文案改成未经数据支持的断言。
C298,/explore + /encounter + /journey/[journeyId] + /relationship/[relationshipId] + /atlas + landing signal,共享组件,src/features/demo/live/daily-live-client.tsx,300,标签/状态,今天带回的一张问题票根,给指标、状态、角色或来源提供短标签。,被多个页面复用；润色时检查是否同时影响多个页面和状态。,保留动态占位符/变量语义；不要把事实性文案改成未经数据支持的断言。
C299,/explore + /encounter + /journey/[journeyId] + /relationship/[relationshipId] + /atlas + landing signal,共享组件,src/features/demo/live/daily-live-client.tsx,301,标题,它,建立页面/卡片主命题与注意力层级。,被多个页面复用；润色时检查是否同时影响多个页面和状态。,保留动态占位符/变量语义；不要把事实性文案改成未经数据支持的断言。
C300,/explore + /encounter + /journey/[journeyId] + /relationship/[relationshipId] + /atlas + landing signal,共享组件,src/features/demo/live/daily-live-client.tsx,301,标题,为什么去了那里？,建立页面/卡片主命题与注意力层级。,被多个页面复用；润色时检查是否同时影响多个页面和状态。,保留动态占位符/变量语义；不要把事实性文案改成未经数据支持的断言。
C301,/explore + /encounter + /journey/[journeyId] + /relationship/[relationshipId] + /atlas + landing signal,共享组件,src/features/demo/live/daily-live-client.tsx,302,角色台词/引用,“不是因为这题最像你，而是因为它值得你多问一步。”,塑造 Persona 语气、关系氛围或强调观点。,被多个页面复用；润色时检查是否同时影响多个页面和状态。,保留动态占位符/变量语义；不要把事实性文案改成未经数据支持的断言。
C302,/explore + /encounter + /journey/[journeyId] + /relationship/[relationshipId] + /atlas + landing signal,共享组件,src/features/demo/live/daily-live-client.tsx,304,标签/状态,出门方向,给指标、状态、角色或来源提供短标签。,被多个页面复用；润色时检查是否同时影响多个页面和状态。,保留动态占位符/变量语义；不要把事实性文案改成未经数据支持的断言。
C303,/explore + /encounter + /journey/[journeyId] + /relationship/[relationshipId] + /atlas + landing signal,共享组件,src/features/demo/live/daily-live-client.tsx,305,标签/状态,知乎当前公开内容,给指标、状态、角色或来源提供短标签。,被多个页面复用；润色时检查是否同时影响多个页面和状态。,保留动态占位符/变量语义；不要把事实性文案改成未经数据支持的断言。
C304,/explore + /encounter + /journey/[journeyId] + /relationship/[relationshipId] + /atlas + landing signal,共享组件,src/features/demo/live/daily-live-client.tsx,305,标签/状态,备用内容,给指标、状态、角色或来源提供短标签。,被多个页面复用；润色时检查是否同时影响多个页面和状态。,保留动态占位符/变量语义；不要把事实性文案改成未经数据支持的断言。
C305,/explore + /encounter + /journey/[journeyId] + /relationship/[relationshipId] + /atlas + landing signal,共享组件,src/features/demo/live/daily-live-client.tsx,305,标签/状态,内容来源,给指标、状态、角色或来源提供短标签。,被多个页面复用；润色时检查是否同时影响多个页面和状态。,保留动态占位符/变量语义；不要把事实性文案改成未经数据支持的断言。
C306,/explore + /encounter + /journey/[journeyId] + /relationship/[relationshipId] + /atlas + landing signal,共享组件,src/features/demo/live/daily-live-client.tsx,306,标签/状态,随行装备,给指标、状态、角色或来源提供短标签。,被多个页面复用；润色时检查是否同时影响多个页面和状态。,保留动态占位符/变量语义；不要把事实性文案改成未经数据支持的断言。
C307,/explore + /encounter + /journey/[journeyId] + /relationship/[relationshipId] + /atlas + landing signal,共享组件,src/features/demo/live/daily-live-client.tsx,306,标签/状态,好奇心 × 1,给指标、状态、角色或来源提供短标签。,被多个页面复用；润色时检查是否同时影响多个页面和状态。,保留动态占位符/变量语义；不要把事实性文案改成未经数据支持的断言。
C308,/explore + /encounter + /journey/[journeyId] + /relationship/[relationshipId] + /atlas + landing signal,共享组件,src/features/demo/live/daily-live-client.tsx,315,无障碍/图像说明,${catName}穿过知乎知识世界,帮助屏幕阅读器或解释视觉对象。,被多个页面复用；润色时检查是否同时影响多个页面和状态。,保留动态占位符/变量语义；不要把事实性文案改成未经数据支持的断言。
C309,/explore + /encounter + /journey/[journeyId] + /relationship/[relationshipId] + /atlas + landing signal,共享组件,src/features/demo/live/daily-live-client.tsx,318,标签/状态,带回的问题 · 知乎,给指标、状态、角色或来源提供短标签。,被多个页面复用；润色时检查是否同时影响多个页面和状态。,保留动态占位符/变量语义；不要把事实性文案改成未经数据支持的断言。
C310,/explore + /encounter + /journey/[journeyId] + /relationship/[relationshipId] + /atlas + landing signal,共享组件,src/features/demo/live/daily-live-client.tsx,321,其他固定 UI 文案,>在知乎看看大家怎么说 <OpenInNewRoundedIcon fontSize=,页面可见的固定文字或开发/兜底可见文本。,被多个页面复用；润色时检查是否同时影响多个页面和状态。,保留动态占位符/变量语义；不要把事实性文案改成未经数据支持的断言。
C311,/explore + /encounter + /journey/[journeyId] + /relationship/[relationshipId] + /atlas + landing signal,共享组件,src/features/demo/live/daily-live-client.tsx,321,其他固定 UI 文案,在知乎看看大家怎么说,页面可见的固定文字或开发/兜底可见文本。,被多个页面复用；润色时检查是否同时影响多个页面和状态。,保留动态占位符/变量语义；不要把事实性文案改成未经数据支持的断言。
C312,/explore + /encounter + /journey/[journeyId] + /relationship/[relationshipId] + /atlas + landing signal,共享组件,src/features/demo/live/daily-live-client.tsx,326,标题,旅途轨迹,建立页面/卡片主命题与注意力层级。,被多个页面复用；润色时检查是否同时影响多个页面和状态。,保留动态占位符/变量语义；不要把事实性文案改成未经数据支持的断言。
C313,/explore + /encounter + /journey/[journeyId] + /relationship/[relationshipId] + /atlas + landing signal,共享组件,src/features/demo/live/daily-live-client.tsx,328,标签/状态,出门,给指标、状态、角色或来源提供短标签。,被多个页面复用；润色时检查是否同时影响多个页面和状态。,保留动态占位符/变量语义；不要把事实性文案改成未经数据支持的断言。
C314,/explore + /encounter + /journey/[journeyId] + /relationship/[relationshipId] + /atlas + landing signal,共享组件,src/features/demo/live/daily-live-client.tsx,328,标签/状态,你只给了一个方向，它自己决定去哪。,给指标、状态、角色或来源提供短标签。,被多个页面复用；润色时检查是否同时影响多个页面和状态。,保留动态占位符/变量语义；不要把事实性文案改成未经数据支持的断言。
C315,/explore + /encounter + /journey/[journeyId] + /relationship/[relationshipId] + /atlas + landing signal,共享组件,src/features/demo/live/daily-live-client.tsx,330,标签/状态,路过,给指标、状态、角色或来源提供短标签。,被多个页面复用；润色时检查是否同时影响多个页面和状态。,保留动态占位符/变量语义；不要把事实性文案改成未经数据支持的断言。
C316,/explore + /encounter + /journey/[journeyId] + /relationship/[relationshipId] + /atlas + landing signal,共享组件,src/features/demo/live/daily-live-client.tsx,330,标签/状态,从当前知乎公开问题里寻找值得停下来的讨论。,给指标、状态、角色或来源提供短标签。,被多个页面复用；润色时检查是否同时影响多个页面和状态。,保留动态占位符/变量语义；不要把事实性文案改成未经数据支持的断言。
C317,/explore + /encounter + /journey/[journeyId] + /relationship/[relationshipId] + /atlas + landing signal,共享组件,src/features/demo/live/daily-live-client.tsx,332,标签/状态,停下来,给指标、状态、角色或来源提供短标签。,被多个页面复用；润色时检查是否同时影响多个页面和状态。,保留动态占位符/变量语义；不要把事实性文案改成未经数据支持的断言。
C318,/explore + /encounter + /journey/[journeyId] + /relationship/[relationshipId] + /atlas + landing signal,共享组件,src/features/demo/live/daily-live-client.tsx,332,标签/状态,这题和「{primaryInterest}」之间产生了新的连接。,给指标、状态、角色或来源提供短标签。,被多个页面复用；润色时检查是否同时影响多个页面和状态。,保留动态占位符/变量语义；不要把事实性文案改成未经数据支持的断言。
C319,/explore + /encounter + /journey/[journeyId] + /relationship/[relationshipId] + /atlas + landing signal,共享组件,src/features/demo/live/daily-live-client.tsx,334,标签/状态,带回来,给指标、状态、角色或来源提供短标签。,被多个页面复用；润色时检查是否同时影响多个页面和状态。,保留动态占位符/变量语义；不要把事实性文案改成未经数据支持的断言。
C320,/explore + /encounter + /journey/[journeyId] + /relationship/[relationshipId] + /atlas + landing signal,共享组件,src/features/demo/live/daily-live-client.tsx,340,标题,路上的一些画面,建立页面/卡片主命题与注意力层级。,被多个页面复用；润色时检查是否同时影响多个页面和状态。,保留动态占位符/变量语义；不要把事实性文案改成未经数据支持的断言。
C321,/explore + /encounter + /journey/[journeyId] + /relationship/[relationshipId] + /atlas + landing signal,共享组件,src/features/demo/live/daily-live-client.tsx,346,其他固定 UI 文案,"旅途照片 ${String(index + 1).padStart(2, ""0"")}",页面可见的固定文字或开发/兜底可见文本。,被多个页面复用；润色时检查是否同时影响多个页面和状态。,保留动态占位符/变量语义；不要把事实性文案改成未经数据支持的断言。
C322,/explore + /encounter + /journey/[journeyId] + /relationship/[relationshipId] + /atlas + landing signal,共享组件,src/features/demo/live/daily-live-client.tsx,354,标题,<h2>{catName}为什么把这个带给你？</h2>,建立页面/卡片主命题与注意力层级。,被多个页面复用；润色时检查是否同时影响多个页面和状态。,保留动态占位符/变量语义；不要把事实性文案改成未经数据支持的断言。
C323,/explore + /encounter + /journey/[journeyId] + /relationship/[relationshipId] + /atlas + landing signal,共享组件,src/features/demo/live/daily-live-client.tsx,356,说明正文,你可以去看原问题，也可以什么都不做。旅途的意义不是完成任务，而是让人格真的多见一点东西。,解释机制、原因、边界或当前发生了什么。,被多个页面复用；润色时检查是否同时影响多个页面和状态。,保留动态占位符/变量语义；不要把事实性文案改成未经数据支持的断言。
C324,/explore + /encounter + /journey/[journeyId] + /relationship/[relationshipId] + /atlas + landing signal,共享组件,src/features/demo/live/daily-live-client.tsx,360,CTA/导航,收进图鉴,推动下一步操作或页面跳转。,被多个页面复用；润色时检查是否同时影响多个页面和状态。,保留动态占位符/变量语义；不要把事实性文案改成未经数据支持的断言。
C325,/explore + /encounter + /journey/[journeyId] + /relationship/[relationshipId] + /atlas + landing signal,共享组件,src/features/demo/live/daily-live-client.tsx,391,眉题/舞台标签,关系详情 · PERSONA RELATIONSHIP,说明场景、阶段或信息类型。,被多个页面复用；润色时检查是否同时影响多个页面和状态。,保留动态占位符/变量语义；不要把事实性文案改成未经数据支持的断言。
C326,/explore + /encounter + /journey/[journeyId] + /relationship/[relationshipId] + /atlas + landing signal,共享组件,src/features/demo/live/daily-live-client.tsx,393,标签/状态,你们为什么,给指标、状态、角色或来源提供短标签。,被多个页面复用；润色时检查是否同时影响多个页面和状态。,保留动态占位符/变量语义；不要把事实性文案改成未经数据支持的断言。
C327,/explore + /encounter + /journey/[journeyId] + /relationship/[relationshipId] + /atlas + landing signal,共享组件,src/features/demo/live/daily-live-client.tsx,394,标签/状态,总会聊到,给指标、状态、角色或来源提供短标签。,被多个页面复用；润色时检查是否同时影响多个页面和状态。,保留动态占位符/变量语义；不要把事实性文案改成未经数据支持的断言。
C328,/explore + /encounter + /journey/[journeyId] + /relationship/[relationshipId] + /atlas + landing signal,共享组件,src/features/demo/live/daily-live-client.tsx,394,标签/状态,深夜,给指标、状态、角色或来源提供短标签。,被多个页面复用；润色时检查是否同时影响多个页面和状态。,保留动态占位符/变量语义；不要把事实性文案改成未经数据支持的断言。
C329,/explore + /encounter + /journey/[journeyId] + /relationship/[relationshipId] + /atlas + landing signal,共享组件,src/features/demo/live/daily-live-client.tsx,396,说明正文,不同的视角，刚好拼出更大的世界。,解释机制、原因、边界或当前发生了什么。,被多个页面复用；润色时检查是否同时影响多个页面和状态。,保留动态占位符/变量语义；不要把事实性文案改成未经数据支持的断言。
C330,/explore + /encounter + /journey/[journeyId] + /relationship/[relationshipId] + /atlas + landing signal,共享组件,src/features/demo/live/daily-live-client.tsx,400,角色台词/引用,我觉得，问题可以再想深一点。,塑造 Persona 语气、关系氛围或强调观点。,被多个页面复用；润色时检查是否同时影响多个页面和状态。,保留动态占位符/变量语义；不要把事实性文案改成未经数据支持的断言。
C331,/explore + /encounter + /journey/[journeyId] + /relationship/[relationshipId] + /atlas + landing signal,共享组件,src/features/demo/live/daily-live-client.tsx,406,角色台词/引用,但也别忘了，生活本身也很重要啊。,塑造 Persona 语气、关系氛围或强调观点。,被多个页面复用；润色时检查是否同时影响多个页面和状态。,保留动态占位符/变量语义；不要把事实性文案改成未经数据支持的断言。
C332,/explore + /encounter + /journey/[journeyId] + /relationship/[relationshipId] + /atlas + landing signal,共享组件,src/features/demo/live/daily-live-client.tsx,414,标题,我们的关系,建立页面/卡片主命题与注意力层级。,被多个页面复用；润色时检查是否同时影响多个页面和状态。,保留动态占位符/变量语义；不要把事实性文案改成未经数据支持的断言。
C333,/explore + /encounter + /journey/[journeyId] + /relationship/[relationshipId] + /atlas + landing signal,共享组件,src/features/demo/live/daily-live-client.tsx,416,角色台词/引用,“不同，但刚好合拍。”,塑造 Persona 语气、关系氛围或强调观点。,被多个页面复用；润色时检查是否同时影响多个页面和状态。,保留动态占位符/变量语义；不要把事实性文案改成未经数据支持的断言。
C334,/explore + /encounter + /journey/[journeyId] + /relationship/[relationshipId] + /atlas + landing signal,共享组件,src/features/demo/live/daily-live-client.tsx,417,说明正文,"熟悉度 ${relationshipMetrics.familiarity} · 化学反应 ${relationshipMetrics.chemistry >= 0 ? ""+"" : """"}${relationshipMetrics.chemistry} · 已相遇 ${relationshipMetrics.encounterCount} 次。",解释机制、原因、边界或当前发生了什么。,被多个页面复用；润色时检查是否同时影响多个页面和状态。,保留动态占位符/变量语义；不要把事实性文案改成未经数据支持的断言。
C335,/explore + /encounter + /journey/[journeyId] + /relationship/[relationshipId] + /atlas + landing signal,共享组件,src/features/demo/live/daily-live-client.tsx,417,说明正文,关系仍在初见阶段。,解释机制、原因、边界或当前发生了什么。,被多个页面复用；润色时检查是否同时影响多个页面和状态。,保留动态占位符/变量语义；不要把事实性文案改成未经数据支持的断言。
C336,/explore + /encounter + /journey/[journeyId] + /relationship/[relationshipId] + /atlas + landing signal,共享组件,src/features/demo/live/daily-live-client.tsx,417,说明正文,"= 0 ? ""+"" : """"}${relationshipMetrics.chemistry} · 已相遇 ${relationshipMetrics.encounterCount} 次。` : ""关系仍在初见阶段。""}",解释机制、原因、边界或当前发生了什么。,被多个页面复用；润色时检查是否同时影响多个页面和状态。,保留动态占位符/变量语义；不要把事实性文案改成未经数据支持的断言。
C337,/explore + /encounter + /journey/[journeyId] + /relationship/[relationshipId] + /atlas + landing signal,共享组件,src/features/demo/live/daily-live-client.tsx,420,标题,关系时间线,建立页面/卡片主命题与注意力层级。,被多个页面复用；润色时检查是否同时影响多个页面和状态。,保留动态占位符/变量语义；不要把事实性文案改成未经数据支持的断言。
C338,/explore + /encounter + /journey/[journeyId] + /relationship/[relationshipId] + /atlas + landing signal,共享组件,src/features/demo/live/daily-live-client.tsx,422,标签/状态,第一次闻到对方,给指标、状态、角色或来源提供短标签。,被多个页面复用；润色时检查是否同时影响多个页面和状态。,保留动态占位符/变量语义；不要把事实性文案改成未经数据支持的断言。
C339,/explore + /encounter + /journey/[journeyId] + /relationship/[relationshipId] + /atlas + landing signal,共享组件,src/features/demo/live/daily-live-client.tsx,422,标签/状态,Persona 根据兴趣和表达风格完成第一次匹配,给指标、状态、角色或来源提供短标签。,被多个页面复用；润色时检查是否同时影响多个页面和状态。,保留动态占位符/变量语义；不要把事实性文案改成未经数据支持的断言。
C340,/explore + /encounter + /journey/[journeyId] + /relationship/[relationshipId] + /atlas + landing signal,共享组件,src/features/demo/live/daily-live-client.tsx,423,标签/状态,第一次对手戏,给指标、状态、角色或来源提供短标签。,被多个页面复用；润色时检查是否同时影响多个页面和状态。,保留动态占位符/变量语义；不要把事实性文案改成未经数据支持的断言。
C341,/explore + /encounter + /journey/[journeyId] + /relationship/[relationshipId] + /atlas + landing signal,共享组件,src/features/demo/live/daily-live-client.tsx,423,标签/状态,围绕真实知乎问题「{question.title}」开始对话,给指标、状态、角色或来源提供短标签。,被多个页面复用；润色时检查是否同时影响多个页面和状态。,保留动态占位符/变量语义；不要把事实性文案改成未经数据支持的断言。
C342,/explore + /encounter + /journey/[journeyId] + /relationship/[relationshipId] + /atlas + landing signal,共享组件,src/features/demo/live/daily-live-client.tsx,424,标签/状态,现在,给指标、状态、角色或来源提供短标签。,被多个页面复用；润色时检查是否同时影响多个页面和状态。,保留动态占位符/变量语义；不要把事实性文案改成未经数据支持的断言。
C343,/explore + /encounter + /journey/[journeyId] + /relationship/[relationshipId] + /atlas + landing signal,共享组件,src/features/demo/live/daily-live-client.tsx,429,标题,共同气味,建立页面/卡片主命题与注意力层级。,被多个页面复用；润色时检查是否同时影响多个页面和状态。,保留动态占位符/变量语义；不要把事实性文案改成未经数据支持的断言。
C344,/explore + /encounter + /journey/[journeyId] + /relationship/[relationshipId] + /atlas + landing signal,共享组件,src/features/demo/live/daily-live-client.tsx,433,标题,最大的差异,建立页面/卡片主命题与注意力层级。,被多个页面复用；润色时检查是否同时影响多个页面和状态。,保留动态占位符/变量语义；不要把事实性文案改成未经数据支持的断言。
C345,/explore + /encounter + /journey/[journeyId] + /relationship/[relationshipId] + /atlas + landing signal,共享组件,src/features/demo/live/daily-live-client.tsx,438,说明正文,不是越像越好；能围绕同一问题继续说下一句，才是这段关系真正有价值的地方。,解释机制、原因、边界或当前发生了什么。,被多个页面复用；润色时检查是否同时影响多个页面和状态。,保留动态占位符/变量语义；不要把事实性文案改成未经数据支持的断言。
C346,/explore + /encounter + /journey/[journeyId] + /relationship/[relationshipId] + /atlas + landing signal,共享组件,src/features/demo/live/daily-live-client.tsx,442,标题,最新一幕,建立页面/卡片主命题与注意力层级。,被多个页面复用；润色时检查是否同时影响多个页面和状态。,保留动态占位符/变量语义；不要把事实性文案改成未经数据支持的断言。
C347,/explore + /encounter + /journey/[journeyId] + /relationship/[relationshipId] + /atlas + landing signal,共享组件,src/features/demo/live/daily-live-client.tsx,445,其他固定 UI 文案,最近一次真实问题对手戏,页面可见的固定文字或开发/兜底可见文本。,被多个页面复用；润色时检查是否同时影响多个页面和状态。,保留动态占位符/变量语义；不要把事实性文案改成未经数据支持的断言。
C348,/explore + /encounter + /journey/[journeyId] + /relationship/[relationshipId] + /atlas + landing signal,共享组件,src/features/demo/live/daily-live-client.tsx,451,其他固定 UI 文案,看最新一幕 →,页面可见的固定文字或开发/兜底可见文本。,被多个页面复用；润色时检查是否同时影响多个页面和状态。,保留动态占位符/变量语义；不要把事实性文案改成未经数据支持的断言。
C349,/explore + /encounter + /journey/[journeyId] + /relationship/[relationshipId] + /atlas + landing signal,共享组件,src/features/demo/live/daily-live-client.tsx,455,CTA/导航,回到遇见,推动下一步操作或页面跳转。,被多个页面复用；润色时检查是否同时影响多个页面和状态。,保留动态占位符/变量语义；不要把事实性文案改成未经数据支持的断言。
C350,/explore + /encounter + /journey/[journeyId] + /relationship/[relationshipId] + /atlas + landing signal,共享组件,src/features/demo/live/daily-live-client.tsx,464,说明正文,今天，谢邀喵正在知乎闻新的问题。,解释机制、原因、边界或当前发生了什么。,被多个页面复用；润色时检查是否同时影响多个页面和状态。,保留动态占位符/变量语义；不要把事实性文案改成未经数据支持的断言。
C351,/explore + /encounter + /journey/[journeyId] + /relationship/[relationshipId] + /atlas + landing signal,共享组件,src/features/demo/live/daily-live-client.tsx,465,说明正文,"刚刚闻到：{compact(question.title, 42)}",解释机制、原因、边界或当前发生了什么。,被多个页面复用；润色时检查是否同时影响多个页面和状态。,保留动态占位符/变量语义；不要把事实性文案改成未经数据支持的断言。
C352,/explore + /encounter + /journey/[journeyId] + /relationship/[relationshipId] + /atlas + landing signal,共享组件,src/features/demo/live/daily-live-client.tsx,515,其他固定 UI 文案,主兴趣目前稳定在「${primaryInterest}」,页面可见的固定文字或开发/兜底可见文本。,被多个页面复用；润色时检查是否同时影响多个页面和状态。,保留动态占位符/变量语义；不要把事实性文案改成未经数据支持的断言。
C353,/explore + /encounter + /journey/[journeyId] + /relationship/[relationshipId] + /atlas + landing signal,共享组件,src/features/demo/live/daily-live-client.tsx,516,其他固定 UI 文案,"公开创作 ${counts?.contents ?? 0} 条，表达节奏偏${composition.writingLength === ""long"" ? ""长答"" : composition.writingLength === ""short"" ? ""短句"" : ""中等篇幅""}",页面可见的固定文字或开发/兜底可见文本。,被多个页面复用；润色时检查是否同时影响多个页面和状态。,保留动态占位符/变量语义；不要把事实性文案改成未经数据支持的断言。
C354,/explore + /encounter + /journey/[journeyId] + /relationship/[relationshipId] + /atlas + landing signal,共享组件,src/features/demo/live/daily-live-client.tsx,517,其他固定 UI 文案,公开收藏 ${counts?.collections ?? 0} 条、收藏夹 ${counts?.favlists ?? 0} 个，收藏倾向 ${composition.hoardingLevel}%,页面可见的固定文字或开发/兜底可见文本。,被多个页面复用；润色时检查是否同时影响多个页面和状态。,保留动态占位符/变量语义；不要把事实性文案改成未经数据支持的断言。
C355,/explore + /encounter + /journey/[journeyId] + /relationship/[relationshipId] + /atlas + landing signal,共享组件,src/features/demo/live/daily-live-client.tsx,519,其他固定 UI 文案,正在整理你的知乎成分。,页面可见的固定文字或开发/兜底可见文本。,被多个页面复用；润色时检查是否同时影响多个页面和状态。,保留动态占位符/变量语义；不要把事实性文案改成未经数据支持的断言。
C356,/explore + /encounter + /journey/[journeyId] + /relationship/[relationshipId] + /atlas + landing signal,共享组件,src/features/demo/live/daily-live-client.tsx,519,其他固定 UI 文案,人格档案会随着公开行为继续变化。,页面可见的固定文字或开发/兜底可见文本。,被多个页面复用；润色时检查是否同时影响多个页面和状态。,保留动态占位符/变量语义；不要把事实性文案改成未经数据支持的断言。
C357,/explore + /encounter + /journey/[journeyId] + /relationship/[relationshipId] + /atlas + landing signal,共享组件,src/features/demo/live/daily-live-client.tsx,519,其他固定 UI 文案,旅途与关系会逐步留下新的痕迹。,页面可见的固定文字或开发/兜底可见文本。,被多个页面复用；润色时检查是否同时影响多个页面和状态。,保留动态占位符/变量语义；不要把事实性文案改成未经数据支持的断言。
C358,/explore + /encounter + /journey/[journeyId] + /relationship/[relationshipId] + /atlas + landing signal,共享组件,src/features/demo/live/daily-live-client.tsx,526,标签/状态,它的故事，,给指标、状态、角色或来源提供短标签。,被多个页面复用；润色时检查是否同时影响多个页面和状态。,保留动态占位符/变量语义；不要把事实性文案改成未经数据支持的断言。
C359,/explore + /encounter + /journey/[journeyId] + /relationship/[relationshipId] + /atlas + landing signal,共享组件,src/features/demo/live/daily-live-client.tsx,527,标签/状态,也是,给指标、状态、角色或来源提供短标签。,被多个页面复用；润色时检查是否同时影响多个页面和状态。,保留动态占位符/变量语义；不要把事实性文案改成未经数据支持的断言。
C360,/explore + /encounter + /journey/[journeyId] + /relationship/[relationshipId] + /atlas + landing signal,共享组件,src/features/demo/live/daily-live-client.tsx,527,标签/状态,你的,给指标、状态、角色或来源提供短标签。,被多个页面复用；润色时检查是否同时影响多个页面和状态。,保留动态占位符/变量语义；不要把事实性文案改成未经数据支持的断言。
C361,/explore + /encounter + /journey/[journeyId] + /relationship/[relationshipId] + /atlas + landing signal,共享组件,src/features/demo/live/daily-live-client.tsx,527,标签/状态,另一种履历。,给指标、状态、角色或来源提供短标签。,被多个页面复用；润色时检查是否同时影响多个页面和状态。,保留动态占位符/变量语义；不要把事实性文案改成未经数据支持的断言。
C362,/explore + /encounter + /journey/[journeyId] + /relationship/[relationshipId] + /atlas + landing signal,共享组件,src/features/demo/live/daily-live-client.tsx,529,说明正文,这里收着它从你的知乎成分里长出来的性格、兴趣和关系痕迹。,解释机制、原因、边界或当前发生了什么。,被多个页面复用；润色时检查是否同时影响多个页面和状态。,保留动态占位符/变量语义；不要把事实性文案改成未经数据支持的断言。
C363,/explore + /encounter + /journey/[journeyId] + /relationship/[relationshipId] + /atlas + landing signal,共享组件,src/features/demo/live/daily-live-client.tsx,533,标签/状态,当前人格 · CURRENT PERSONA,给指标、状态、角色或来源提供短标签。,被多个页面复用；润色时检查是否同时影响多个页面和状态。,保留动态占位符/变量语义；不要把事实性文案改成未经数据支持的断言。
C364,/explore + /encounter + /journey/[journeyId] + /relationship/[relationshipId] + /atlas + landing signal,共享组件,src/features/demo/live/daily-live-client.tsx,543,其他固定 UI 文案,调整名字与外观,页面可见的固定文字或开发/兜底可见文本。,被多个页面复用；润色时检查是否同时影响多个页面和状态。,保留动态占位符/变量语义；不要把事实性文案改成未经数据支持的断言。
C365,/explore + /encounter + /journey/[journeyId] + /relationship/[relationshipId] + /atlas + landing signal,共享组件,src/features/demo/live/daily-live-client.tsx,548,无障碍/图像说明,移动端图鉴索引,帮助屏幕阅读器或解释视觉对象。,被多个页面复用；润色时检查是否同时影响多个页面和状态。,保留动态占位符/变量语义；不要把事实性文案改成未经数据支持的断言。
C366,/explore + /encounter + /journey/[journeyId] + /relationship/[relationshipId] + /atlas + landing signal,共享组件,src/features/demo/live/daily-live-client.tsx,550,标签/状态,最近变化,给指标、状态、角色或来源提供短标签。,被多个页面复用；润色时检查是否同时影响多个页面和状态。,保留动态占位符/变量语义；不要把事实性文案改成未经数据支持的断言。
C367,/explore + /encounter + /journey/[journeyId] + /relationship/[relationshipId] + /atlas + landing signal,共享组件,src/features/demo/live/daily-live-client.tsx,556,标签/状态,称号,给指标、状态、角色或来源提供短标签。,被多个页面复用；润色时检查是否同时影响多个页面和状态。,保留动态占位符/变量语义；不要把事实性文案改成未经数据支持的断言。
C368,/explore + /encounter + /journey/[journeyId] + /relationship/[relationshipId] + /atlas + landing signal,共享组件,src/features/demo/live/daily-live-client.tsx,557,说明正文,>{counts ? `${counts.contents} 条公开创作 · ${counts.followees} 个关注 · ${counts.collections} 条近期收藏` :,解释机制、原因、边界或当前发生了什么。,被多个页面复用；润色时检查是否同时影响多个页面和状态。,保留动态占位符/变量语义；不要把事实性文案改成未经数据支持的断言。
C369,/explore + /encounter + /journey/[journeyId] + /relationship/[relationshipId] + /atlas + landing signal,共享组件,src/features/demo/live/daily-live-client.tsx,560,标签/状态,正在翻页…,给指标、状态、角色或来源提供短标签。,被多个页面复用；润色时检查是否同时影响多个页面和状态。,保留动态占位符/变量语义；不要把事实性文案改成未经数据支持的断言。
C370,/explore + /encounter + /journey/[journeyId] + /relationship/[relationshipId] + /atlas + landing signal,共享组件,src/features/demo/live/daily-live-client.tsx,560,标签/状态,${journeyCount} 趟 · ${questionTicketCount} 张问题票,给指标、状态、角色或来源提供短标签。,被多个页面复用；润色时检查是否同时影响多个页面和状态。,保留动态占位符/变量语义；不要把事实性文案改成未经数据支持的断言。
C371,/explore + /encounter + /journey/[journeyId] + /relationship/[relationshipId] + /atlas + landing signal,共享组件,src/features/demo/live/daily-live-client.tsx,560,标签/状态,旅途收藏,给指标、状态、角色或来源提供短标签。,被多个页面复用；润色时检查是否同时影响多个页面和状态。,保留动态占位符/变量语义；不要把事实性文案改成未经数据支持的断言。
C372,/explore + /encounter + /journey/[journeyId] + /relationship/[relationshipId] + /atlas + landing signal,共享组件,src/features/demo/live/daily-live-client.tsx,565,标签/状态,随便逛,给指标、状态、角色或来源提供短标签。,被多个页面复用；润色时检查是否同时影响多个页面和状态。,保留动态占位符/变量语义；不要把事实性文案改成未经数据支持的断言。
C373,/explore + /encounter + /journey/[journeyId] + /relationship/[relationshipId] + /atlas + landing signal,共享组件,src/features/demo/live/daily-live-client.tsx,567,其他固定 UI 文案,看知乎原问题 →,页面可见的固定文字或开发/兜底可见文本。,被多个页面复用；润色时检查是否同时影响多个页面和状态。,保留动态占位符/变量语义；不要把事实性文案改成未经数据支持的断言。
C374,/explore + /encounter + /journey/[journeyId] + /relationship/[relationshipId] + /atlas + landing signal,共享组件,src/features/demo/live/daily-live-client.tsx,567,其他固定 UI 文案,这趟留下了一页旅行记录,页面可见的固定文字或开发/兜底可见文本。,被多个页面复用；润色时检查是否同时影响多个页面和状态。,保留动态占位符/变量语义；不要把事实性文案改成未经数据支持的断言。
C375,/explore + /encounter + /journey/[journeyId] + /relationship/[relationshipId] + /atlas + landing signal,共享组件,src/features/demo/live/daily-live-client.tsx,569,说明正文,等它第一次真正回家，这里会出现第一张旅行页。,解释机制、原因、边界或当前发生了什么。,被多个页面复用；润色时检查是否同时影响多个页面和状态。,保留动态占位符/变量语义；不要把事实性文案改成未经数据支持的断言。
C376,/explore + /encounter + /journey/[journeyId] + /relationship/[relationshipId] + /atlas + landing signal,共享组件,src/features/demo/live/daily-live-client.tsx,572,CTA/导航,><b>关系图鉴</b><span>{production ?,推动下一步操作或页面跳转。,被多个页面复用；润色时检查是否同时影响多个页面和状态。,保留动态占位符/变量语义；不要把事实性文案改成未经数据支持的断言。
C377,/explore + /encounter + /journey/[journeyId] + /relationship/[relationshipId] + /atlas + landing signal,共享组件,src/features/demo/live/daily-live-client.tsx,572,CTA/导航,${DEMO_FIXTURE.atlas.relationships.length} 个关系 · 去看看它遇见了谁,推动下一步操作或页面跳转。,被多个页面复用；润色时检查是否同时影响多个页面和状态。,保留动态占位符/变量语义；不要把事实性文案改成未经数据支持的断言。
C378,/explore + /encounter + /journey/[journeyId] + /relationship/[relationshipId] + /atlas + landing signal,共享组件,src/features/demo/live/daily-live-client.tsx,572,CTA/导航,关系图鉴,推动下一步操作或页面跳转。,被多个页面复用；润色时检查是否同时影响多个页面和状态。,保留动态占位符/变量语义；不要把事实性文案改成未经数据支持的断言。
C379,/explore + /encounter + /journey/[journeyId] + /relationship/[relationshipId] + /atlas + landing signal,共享组件,src/features/demo/live/daily-live-client.tsx,574,标签/状态,人格历史,给指标、状态、角色或来源提供短标签。,被多个页面复用；润色时检查是否同时影响多个页面和状态。,保留动态占位符/变量语义；不要把事实性文案改成未经数据支持的断言。
C380,/explore + /encounter + /journey/[journeyId] + /relationship/[relationshipId] + /atlas + landing signal,共享组件,src/features/demo/live/daily-live-client.tsx,575,说明正文,知乎成分「{primaryInterest}」正在把它推向「{title}」。人格会随之后的旅途继续变化。,解释机制、原因、边界或当前发生了什么。,被多个页面复用；润色时检查是否同时影响多个页面和状态。,保留动态占位符/变量语义；不要把事实性文案改成未经数据支持的断言。
C381,/explore + /encounter + /journey/[journeyId] + /relationship/[relationshipId] + /atlas + landing signal,共享组件,src/features/demo/live/daily-live-client.tsx,581,标题,><h2>最近变化</h2><span>{snapshot?.mode ===,建立页面/卡片主命题与注意力层级。,被多个页面复用；润色时检查是否同时影响多个页面和状态。,保留动态占位符/变量语义；不要把事实性文案改成未经数据支持的断言。
C382,/explore + /encounter + /journey/[journeyId] + /relationship/[relationshipId] + /atlas + landing signal,共享组件,src/features/demo/live/daily-live-client.tsx,581,标题,当前知乎成分,建立页面/卡片主命题与注意力层级。,被多个页面复用；润色时检查是否同时影响多个页面和状态。,保留动态占位符/变量语义；不要把事实性文案改成未经数据支持的断言。
C383,/explore + /encounter + /journey/[journeyId] + /relationship/[relationshipId] + /atlas + landing signal,共享组件,src/features/demo/live/daily-live-client.tsx,581,标题,备用成分,建立页面/卡片主命题与注意力层级。,被多个页面复用；润色时检查是否同时影响多个页面和状态。,保留动态占位符/变量语义；不要把事实性文案改成未经数据支持的断言。
C384,/explore + /encounter + /journey/[journeyId] + /relationship/[relationshipId] + /atlas + landing signal,共享组件,src/features/demo/live/daily-live-client.tsx,581,标题,最近变化,建立页面/卡片主命题与注意力层级。,被多个页面复用；润色时检查是否同时影响多个页面和状态。,保留动态占位符/变量语义；不要把事实性文案改成未经数据支持的断言。
C385,/explore + /encounter + /journey/[journeyId] + /relationship/[relationshipId] + /atlas + landing signal,共享组件,src/features/demo/live/daily-live-client.tsx,587,标题,旅途收藏,建立页面/卡片主命题与注意力层级。,被多个页面复用；润色时检查是否同时影响多个页面和状态。,保留动态占位符/变量语义；不要把事实性文案改成未经数据支持的断言。
C386,/explore + /encounter + /journey/[journeyId] + /relationship/[relationshipId] + /atlas + landing signal,共享组件,src/features/demo/live/daily-live-client.tsx,589,标签/状态,真实旅途,给指标、状态、角色或来源提供短标签。,被多个页面复用；润色时检查是否同时影响多个页面和状态。,保留动态占位符/变量语义；不要把事实性文案改成未经数据支持的断言。
C387,/explore + /encounter + /journey/[journeyId] + /relationship/[relationshipId] + /atlas + landing signal,共享组件,src/features/demo/live/daily-live-client.tsx,590,标签/状态,问题票根,给指标、状态、角色或来源提供短标签。,被多个页面复用；润色时检查是否同时影响多个页面和状态。,保留动态占位符/变量语义；不要把事实性文案改成未经数据支持的断言。
C388,/explore + /encounter + /journey/[journeyId] + /relationship/[relationshipId] + /atlas + landing signal,共享组件,src/features/demo/live/daily-live-client.tsx,591,标签/状态,关系票根,给指标、状态、角色或来源提供短标签。,被多个页面复用；润色时检查是否同时影响多个页面和状态。,保留动态占位符/变量语义；不要把事实性文案改成未经数据支持的断言。
C389,/explore + /encounter + /journey/[journeyId] + /relationship/[relationshipId] + /atlas + landing signal,共享组件,src/features/demo/live/daily-live-client.tsx,592,标签/状态,新认识,给指标、状态、角色或来源提供短标签。,被多个页面复用；润色时检查是否同时影响多个页面和状态。,保留动态占位符/变量语义；不要把事实性文案改成未经数据支持的断言。
C390,/explore + /encounter + /journey/[journeyId] + /relationship/[relationshipId] + /atlas + landing signal,共享组件,src/features/demo/live/daily-live-client.tsx,595,标签/状态,最近一趟,给指标、状态、角色或来源提供短标签。,被多个页面复用；润色时检查是否同时影响多个页面和状态。,保留动态占位符/变量语义；不要把事实性文案改成未经数据支持的断言。
C391,/explore + /encounter + /journey/[journeyId] + /relationship/[relationshipId] + /atlas + landing signal,共享组件,src/features/demo/live/daily-live-client.tsx,595,标签/状态,旅行册,给指标、状态、角色或来源提供短标签。,被多个页面复用；润色时检查是否同时影响多个页面和状态。,保留动态占位符/变量语义；不要把事实性文案改成未经数据支持的断言。
C392,/explore + /encounter + /journey/[journeyId] + /relationship/[relationshipId] + /atlas + landing signal,共享组件,src/features/demo/live/daily-live-client.tsx,595,标签/状态,第一趟回来后，这里会留下真实收藏。,给指标、状态、角色或来源提供短标签。,被多个页面复用；润色时检查是否同时影响多个页面和状态。,保留动态占位符/变量语义；不要把事实性文案改成未经数据支持的断言。
C393,/explore + /encounter + /journey/[journeyId] + /relationship/[relationshipId] + /atlas + landing signal,共享组件,src/features/demo/live/daily-live-client.tsx,602,标题,><h2>关系图鉴</h2><a href=,建立页面/卡片主命题与注意力层级。,被多个页面复用；润色时检查是否同时影响多个页面和状态。,保留动态占位符/变量语义；不要把事实性文案改成未经数据支持的断言。
C394,/explore + /encounter + /journey/[journeyId] + /relationship/[relationshipId] + /atlas + landing signal,共享组件,src/features/demo/live/daily-live-client.tsx,602,标题,关系图鉴,建立页面/卡片主命题与注意力层级。,被多个页面复用；润色时检查是否同时影响多个页面和状态。,保留动态占位符/变量语义；不要把事实性文案改成未经数据支持的断言。
C395,/explore + /encounter + /journey/[journeyId] + /relationship/[relationshipId] + /atlas + landing signal,共享组件,src/features/demo/live/daily-live-client.tsx,602,标题,查看全部 →,建立页面/卡片主命题与注意力层级。,被多个页面复用；润色时检查是否同时影响多个页面和状态。,保留动态占位符/变量语义；不要把事实性文案改成未经数据支持的断言。
C396,/explore + /encounter + /journey/[journeyId] + /relationship/[relationshipId] + /atlas + landing signal,共享组件,src/features/demo/live/daily-live-client.tsx,605,其他固定 UI 文案,真实关系从 Shared Encounter 开始。,页面可见的固定文字或开发/兜底可见文本。,被多个页面复用；润色时检查是否同时影响多个页面和状态。,保留动态占位符/变量语义；不要把事实性文案改成未经数据支持的断言。
C397,/explore + /encounter + /journey/[journeyId] + /relationship/[relationshipId] + /atlas + landing signal,共享组件,src/features/demo/live/daily-live-client.tsx,606,说明正文,不会用预置 NPC 填满这里。等你的猫真正遇见另一只 Persona，这张纸才会留下名字。,解释机制、原因、边界或当前发生了什么。,被多个页面复用；润色时检查是否同时影响多个页面和状态。,保留动态占位符/变量语义；不要把事实性文案改成未经数据支持的断言。
C398,/explore + /encounter + /journey/[journeyId] + /relationship/[relationshipId] + /atlas + landing signal,共享组件,src/features/demo/live/daily-live-client.tsx,607,其他固定 UI 文案,去遇见页看看 →,页面可见的固定文字或开发/兜底可见文本。,被多个页面复用；润色时检查是否同时影响多个页面和状态。,保留动态占位符/变量语义；不要把事实性文案改成未经数据支持的断言。
C399,/explore + /encounter + /journey/[journeyId] + /relationship/[relationshipId] + /atlas + landing signal,共享组件,src/features/demo/live/daily-live-client.tsx,621,标题,人格轨迹,建立页面/卡片主命题与注意力层级。,被多个页面复用；润色时检查是否同时影响多个页面和状态。,保留动态占位符/变量语义；不要把事实性文案改成未经数据支持的断言。
C400,/explore + /encounter + /journey/[journeyId] + /relationship/[relationshipId] + /atlas + landing signal,共享组件,src/features/demo/live/daily-live-client.tsx,623,标签/状态,知乎成分,给指标、状态、角色或来源提供短标签。,被多个页面复用；润色时检查是否同时影响多个页面和状态。,保留动态占位符/变量语义；不要把事实性文案改成未经数据支持的断言。
C401,/explore + /encounter + /journey/[journeyId] + /relationship/[relationshipId] + /atlas + landing signal,共享组件,src/features/demo/live/daily-live-client.tsx,627,标签/状态,当前,给指标、状态、角色或来源提供短标签。,被多个页面复用；润色时检查是否同时影响多个页面和状态。,保留动态占位符/变量语义；不要把事实性文案改成未经数据支持的断言。
C402,/encounter (production Shared Encounter),共享组件,src/features/demo/live/shared-encounter-client.tsx,16,其他固定 UI 文案,生成中,页面可见的固定文字或开发/兜底可见文本。,被多个页面复用；润色时检查是否同时影响多个页面和状态。,保留动态占位符/变量语义；不要把事实性文案改成未经数据支持的断言。
C403,/encounter (production Shared Encounter),共享组件,src/features/demo/live/shared-encounter-client.tsx,48,错误/反馈,读取 Shared Encounter 失败,解释失败、等待或保存结果，避免用户误判状态。,被多个页面复用；润色时检查是否同时影响多个页面和状态。,保留动态占位符/变量语义；不要把事实性文案改成未经数据支持的断言。
C404,/encounter (production Shared Encounter),共享组件,src/features/demo/live/shared-encounter-client.tsx,53,错误/反馈,读取 Shared Encounter 失败,解释失败、等待或保存结果，避免用户误判状态。,被多个页面复用；润色时检查是否同时影响多个页面和状态。,保留动态占位符/变量语义；不要把事实性文案改成未经数据支持的断言。
C405,/encounter (production Shared Encounter),共享组件,src/features/demo/live/shared-encounter-client.tsx,73,无障碍/图像说明,真实 Shared Encounter,帮助屏幕阅读器或解释视觉对象。,被多个页面复用；润色时检查是否同时影响多个页面和状态。,保留动态占位符/变量语义；不要把事实性文案改成未经数据支持的断言。
C406,/encounter (production Shared Encounter),共享组件,src/features/demo/live/shared-encounter-client.tsx,74,无障碍/图像说明,遇见侧栏,帮助屏幕阅读器或解释视觉对象。,被多个页面复用；润色时检查是否同时影响多个页面和状态。,保留动态占位符/变量语义；不要把事实性文案改成未经数据支持的断言。
C407,/encounter (production Shared Encounter),共享组件,src/features/demo/live/shared-encounter-client.tsx,75,标签/状态,首页,给指标、状态、角色或来源提供短标签。,被多个页面复用；润色时检查是否同时影响多个页面和状态。,保留动态占位符/变量语义；不要把事实性文案改成未经数据支持的断言。
C408,/encounter (production Shared Encounter),共享组件,src/features/demo/live/shared-encounter-client.tsx,76,标签/状态,探索,给指标、状态、角色或来源提供短标签。,被多个页面复用；润色时检查是否同时影响多个页面和状态。,保留动态占位符/变量语义；不要把事实性文案改成未经数据支持的断言。
C409,/encounter (production Shared Encounter),共享组件,src/features/demo/live/shared-encounter-client.tsx,77,标签/状态,遇见,给指标、状态、角色或来源提供短标签。,被多个页面复用；润色时检查是否同时影响多个页面和状态。,保留动态占位符/变量语义；不要把事实性文案改成未经数据支持的断言。
C410,/encounter (production Shared Encounter),共享组件,src/features/demo/live/shared-encounter-client.tsx,77,标签/状态,关系簿,给指标、状态、角色或来源提供短标签。,被多个页面复用；润色时检查是否同时影响多个页面和状态。,保留动态占位符/变量语义；不要把事实性文案改成未经数据支持的断言。
C411,/encounter (production Shared Encounter),共享组件,src/features/demo/live/shared-encounter-client.tsx,78,标签/状态,档案,给指标、状态、角色或来源提供短标签。,被多个页面复用；润色时检查是否同时影响多个页面和状态。,保留动态占位符/变量语义；不要把事实性文案改成未经数据支持的断言。
C412,/encounter (production Shared Encounter),共享组件,src/features/demo/live/shared-encounter-client.tsx,81,无障碍/图像说明,观众席里的谢邀喵剪影,帮助屏幕阅读器或解释视觉对象。,被多个页面复用；润色时检查是否同时影响多个页面和状态。,保留动态占位符/变量语义；不要把事实性文案改成未经数据支持的断言。
C413,/encounter (production Shared Encounter),共享组件,src/features/demo/live/shared-encounter-client.tsx,89,标签/状态,最近，,给指标、状态、角色或来源提供短标签。,被多个页面复用；润色时检查是否同时影响多个页面和状态。,保留动态占位符/变量语义；不要把事实性文案改成未经数据支持的断言。
C414,/encounter (production Shared Encounter),共享组件,src/features/demo/live/shared-encounter-client.tsx,90,标签/状态,它,给指标、状态、角色或来源提供短标签。,被多个页面复用；润色时检查是否同时影响多个页面和状态。,保留动态占位符/变量语义；不要把事实性文案改成未经数据支持的断言。
C415,/encounter (production Shared Encounter),共享组件,src/features/demo/live/shared-encounter-client.tsx,90,标签/状态,遇见,给指标、状态、角色或来源提供短标签。,被多个页面复用；润色时检查是否同时影响多个页面和状态。,保留动态占位符/变量语义；不要把事实性文案改成未经数据支持的断言。
C416,/encounter (production Shared Encounter),共享组件,src/features/demo/live/shared-encounter-client.tsx,90,标签/状态,了,给指标、状态、角色或来源提供短标签。,被多个页面复用；润色时检查是否同时影响多个页面和状态。,保留动态占位符/变量语义；不要把事实性文案改成未经数据支持的断言。
C417,/encounter (production Shared Encounter),共享组件,src/features/demo/live/shared-encounter-client.tsx,91,标签/状态,一个有趣的灵魂。,给指标、状态、角色或来源提供短标签。,被多个页面复用；润色时检查是否同时影响多个页面和状态。,保留动态占位符/变量语义；不要把事实性文案改成未经数据支持的断言。
C418,/encounter (production Shared Encounter),共享组件,src/features/demo/live/shared-encounter-client.tsx,91,标签/状态,一张空椅子。,给指标、状态、角色或来源提供短标签。,被多个页面复用；润色时检查是否同时影响多个页面和状态。,保留动态占位符/变量语义；不要把事实性文案改成未经数据支持的断言。
C419,/encounter (production Shared Encounter),共享组件,src/features/demo/live/shared-encounter-client.tsx,93,说明正文,不同的问题，让不同的灵魂在这里相遇。每一次对话，都会留下同一段真实历史。,解释机制、原因、边界或当前发生了什么。,被多个页面复用；润色时检查是否同时影响多个页面和状态。,保留动态占位符/变量语义；不要把事实性文案改成未经数据支持的断言。
C420,/encounter (production Shared Encounter),共享组件,src/features/demo/live/shared-encounter-client.tsx,93,说明正文,这里不塞预置 NPC。第二个真实 Persona 出现后，第一场相遇才会真正开演。,解释机制、原因、边界或当前发生了什么。,被多个页面复用；润色时检查是否同时影响多个页面和状态。,保留动态占位符/变量语义；不要把事实性文案改成未经数据支持的断言。
C421,/encounter (production Shared Encounter),共享组件,src/features/demo/live/shared-encounter-client.tsx,96,其他固定 UI 文案,正在翻共同历史……,页面可见的固定文字或开发/兜底可见文本。,被多个页面复用；润色时检查是否同时影响多个页面和状态。,保留动态占位符/变量语义；不要把事实性文案改成未经数据支持的断言。
C422,/encounter (production Shared Encounter),共享组件,src/features/demo/live/shared-encounter-client.tsx,102,标题,旅行册里，,建立页面/卡片主命题与注意力层级。,被多个页面复用；润色时检查是否同时影响多个页面和状态。,保留动态占位符/变量语义；不要把事实性文案改成未经数据支持的断言。
C423,/encounter (production Shared Encounter),共享组件,src/features/demo/live/shared-encounter-client.tsx,102,标题,还没有一张关系票根。,建立页面/卡片主命题与注意力层级。,被多个页面复用；润色时检查是否同时影响多个页面和状态。,保留动态占位符/变量语义；不要把事实性文案改成未经数据支持的断言。
C424,/encounter (production Shared Encounter),共享组件,src/features/demo/live/shared-encounter-client.tsx,103,说明正文,不用在这里刷匹配。它出门时会自己遇见别的真实 Persona；你只能用纸条轻轻影响路线，不能点名对象。,解释机制、原因、边界或当前发生了什么。,被多个页面复用；润色时检查是否同时影响多个页面和状态。,保留动态占位符/变量语义；不要把事实性文案改成未经数据支持的断言。
C425,/encounter (production Shared Encounter),共享组件,src/features/demo/live/shared-encounter-client.tsx,105,标签/状态,回窝准备下一趟 <b>→</b>,给指标、状态、角色或来源提供短标签。,被多个页面复用；润色时检查是否同时影响多个页面和状态。,保留动态占位符/变量语义；不要把事实性文案改成未经数据支持的断言。
C426,/encounter (production Shared Encounter),共享组件,src/features/demo/live/shared-encounter-client.tsx,114,无障碍/图像说明,本喵,帮助屏幕阅读器或解释视觉对象。,被多个页面复用；润色时检查是否同时影响多个页面和状态。,保留动态占位符/变量语义；不要把事实性文案改成未经数据支持的断言。
C427,/encounter (production Shared Encounter),共享组件,src/features/demo/live/shared-encounter-client.tsx,115,其他固定 UI 文案,本喵,页面可见的固定文字或开发/兜底可见文本。,被多个页面复用；润色时检查是否同时影响多个页面和状态。,保留动态占位符/变量语义；不要把事实性文案改成未经数据支持的断言。
C428,/encounter (production Shared Encounter),共享组件,src/features/demo/live/shared-encounter-client.tsx,117,标签/状态,综合,给指标、状态、角色或来源提供短标签。,被多个页面复用；润色时检查是否同时影响多个页面和状态。,保留动态占位符/变量语义；不要把事实性文案改成未经数据支持的断言。
C429,/encounter (production Shared Encounter),共享组件,src/features/demo/live/shared-encounter-client.tsx,124,标签/状态,综合,给指标、状态、角色或来源提供短标签。,被多个页面复用；润色时检查是否同时影响多个页面和状态。,保留动态占位符/变量语义；不要把事实性文案改成未经数据支持的断言。
C430,/encounter (production Shared Encounter),共享组件,src/features/demo/live/shared-encounter-client.tsx,129,标签/状态,同一个真实知乎问题 · {encounter.provenance.contentSource},给指标、状态、角色或来源提供短标签。,被多个页面复用；润色时检查是否同时影响多个页面和状态。,保留动态占位符/变量语义；不要把事实性文案改成未经数据支持的断言。
C431,/encounter (production Shared Encounter),共享组件,src/features/demo/live/shared-encounter-client.tsx,131,其他固定 UI 文案,在知乎看看原问题 →,页面可见的固定文字或开发/兜底可见文本。,被多个页面复用；润色时检查是否同时影响多个页面和状态。,保留动态占位符/变量语义；不要把事实性文案改成未经数据支持的断言。
C432,/encounter (production Shared Encounter),共享组件,src/features/demo/live/shared-encounter-client.tsx,139,标签/状态,本喵,给指标、状态、角色或来源提供短标签。,被多个页面复用；润色时检查是否同时影响多个页面和状态。,保留动态占位符/变量语义；不要把事实性文案改成未经数据支持的断言。
C433,/encounter (production Shared Encounter),共享组件,src/features/demo/live/shared-encounter-client.tsx,139,标签/状态,对方 Persona,给指标、状态、角色或来源提供短标签。,被多个页面复用；润色时检查是否同时影响多个页面和状态。,保留动态占位符/变量语义；不要把事实性文案改成未经数据支持的断言。
C434,/encounter (production Shared Encounter),共享组件,src/features/demo/live/shared-encounter-client.tsx,147,标签/状态,第一段共同历史 · {Math.floor(encounter.turns.length / 2)} 轮 · {dialogueCharCount} 字 · {formatTime(encounter.completedAt)},给指标、状态、角色或来源提供短标签。,被多个页面复用；润色时检查是否同时影响多个页面和状态。,保留动态占位符/变量语义；不要把事实性文案改成未经数据支持的断言。
C435,/encounter (production Shared Encounter),共享组件,src/features/demo/live/shared-encounter-client.tsx,148,标题,初见,建立页面/卡片主命题与注意力层级。,被多个页面复用；润色时检查是否同时影响多个页面和状态。,保留动态占位符/变量语义；不要把事实性文案改成未经数据支持的断言。
C436,/encounter (production Shared Encounter),共享组件,src/features/demo/live/shared-encounter-client.tsx,152,标签/状态,熟悉度 {encounter.relationship.familiarity},给指标、状态、角色或来源提供短标签。,被多个页面复用；润色时检查是否同时影响多个页面和状态。,保留动态占位符/变量语义；不要把事实性文案改成未经数据支持的断言。
C437,/encounter (production Shared Encounter),共享组件,src/features/demo/live/shared-encounter-client.tsx,153,标签/状态,"<b>化学反应 {encounter.relationship.chemistry >= 0 ? ""+"" : """"}{encounter.relationship.chemistry}</b>",给指标、状态、角色或来源提供短标签。,被多个页面复用；润色时检查是否同时影响多个页面和状态。,保留动态占位符/变量语义；不要把事实性文案改成未经数据支持的断言。
C438,/encounter (production Shared Encounter),共享组件,src/features/demo/live/shared-encounter-client.tsx,154,标签/状态,已相遇 {encounter.relationship.encounterCount} 次,给指标、状态、角色或来源提供短标签。,被多个页面复用；润色时检查是否同时影响多个页面和状态。,保留动态占位符/变量语义；不要把事实性文案改成未经数据支持的断言。
C439,/encounter (production Shared Encounter),共享组件,src/features/demo/live/shared-encounter-client.tsx,160,标签/状态,回窝等下一趟 <b>→</b>,给指标、状态、角色或来源提供短标签。,被多个页面复用；润色时检查是否同时影响多个页面和状态。,保留动态占位符/变量语义；不要把事实性文案改成未经数据支持的断言。
C440,/hatch/scanning + /hatch/reveal,共享组件,src/features/demo/live-client.tsx,130,其他固定 UI 文案,写过什么？,页面可见的固定文字或开发/兜底可见文本。,被多个页面复用；润色时检查是否同时影响多个页面和状态。,保留动态占位符/变量语义；不要把事实性文案改成未经数据支持的断言。
C441,/hatch/scanning + /hatch/reveal,共享组件,src/features/demo/live-client.tsx,130,其他固定 UI 文案,读取公开创作,页面可见的固定文字或开发/兜底可见文本。,被多个页面复用；润色时检查是否同时影响多个页面和状态。,保留动态占位符/变量语义；不要把事实性文案改成未经数据支持的断言。
C442,/hatch/scanning + /hatch/reveal,共享组件,src/features/demo/live-client.tsx,130,其他固定 UI 文案,分析表达长度与结构,页面可见的固定文字或开发/兜底可见文本。,被多个页面复用；润色时检查是否同时影响多个页面和状态。,保留动态占位符/变量语义；不要把事实性文案改成未经数据支持的断言。
C443,/hatch/scanning + /hatch/reveal,共享组件,src/features/demo/live-client.tsx,131,其他固定 UI 文案,关注谁？,页面可见的固定文字或开发/兜底可见文本。,被多个页面复用；润色时检查是否同时影响多个页面和状态。,保留动态占位符/变量语义；不要把事实性文案改成未经数据支持的断言。
C444,/hatch/scanning + /hatch/reveal,共享组件,src/features/demo/live-client.tsx,131,其他固定 UI 文案,读取关注关系,页面可见的固定文字或开发/兜底可见文本。,被多个页面复用；润色时检查是否同时影响多个页面和状态。,保留动态占位符/变量语义；不要把事实性文案改成未经数据支持的断言。
C445,/hatch/scanning + /hatch/reveal,共享组件,src/features/demo/live-client.tsx,131,其他固定 UI 文案,分析长期兴趣方向,页面可见的固定文字或开发/兜底可见文本。,被多个页面复用；润色时检查是否同时影响多个页面和状态。,保留动态占位符/变量语义；不要把事实性文案改成未经数据支持的断言。
C446,/hatch/scanning + /hatch/reveal,共享组件,src/features/demo/live-client.tsx,132,其他固定 UI 文案,收藏什么？,页面可见的固定文字或开发/兜底可见文本。,被多个页面复用；润色时检查是否同时影响多个页面和状态。,保留动态占位符/变量语义；不要把事实性文案改成未经数据支持的断言。
C447,/hatch/scanning + /hatch/reveal,共享组件,src/features/demo/live-client.tsx,132,其他固定 UI 文案,读取公开收藏,页面可见的固定文字或开发/兜底可见文本。,被多个页面复用；润色时检查是否同时影响多个页面和状态。,保留动态占位符/变量语义；不要把事实性文案改成未经数据支持的断言。
C448,/hatch/scanning + /hatch/reveal,共享组件,src/features/demo/live-client.tsx,132,其他固定 UI 文案,分析长期保留的主题,页面可见的固定文字或开发/兜底可见文本。,被多个页面复用；润色时检查是否同时影响多个页面和状态。,保留动态占位符/变量语义；不要把事实性文案改成未经数据支持的断言。
C449,/hatch/scanning + /hatch/reveal,共享组件,src/features/demo/live-client.tsx,140,其他固定 UI 文案,写过什么？,页面可见的固定文字或开发/兜底可见文本。,被多个页面复用；润色时检查是否同时影响多个页面和状态。,保留动态占位符/变量语义；不要把事实性文案改成未经数据支持的断言。
C450,/hatch/scanning + /hatch/reveal,共享组件,src/features/demo/live-client.tsx,141,其他固定 UI 文案,${composition.sourceCounts.contents} 条公开创作 · ${composition.writingLength.toUpperCase()},页面可见的固定文字或开发/兜底可见文本。,被多个页面复用；润色时检查是否同时影响多个页面和状态。,保留动态占位符/变量语义；不要把事实性文案改成未经数据支持的断言。
C451,/hatch/scanning + /hatch/reveal,共享组件,src/features/demo/live-client.tsx,142,其他固定 UI 文案,长期表达偏长答，结构信息密度较高,页面可见的固定文字或开发/兜底可见文本。,被多个页面复用；润色时检查是否同时影响多个页面和状态。,保留动态占位符/变量语义；不要把事实性文案改成未经数据支持的断言。
C452,/hatch/scanning + /hatch/reveal,共享组件,src/features/demo/live-client.tsx,142,其他固定 UI 文案,表达长度与节奏已经形成稳定偏好,页面可见的固定文字或开发/兜底可见文本。,被多个页面复用；润色时检查是否同时影响多个页面和状态。,保留动态占位符/变量语义；不要把事实性文案改成未经数据支持的断言。
C453,/hatch/scanning + /hatch/reveal,共享组件,src/features/demo/live-client.tsx,146,其他固定 UI 文案,关注谁？,页面可见的固定文字或开发/兜底可见文本。,被多个页面复用；润色时检查是否同时影响多个页面和状态。,保留动态占位符/变量语义；不要把事实性文案改成未经数据支持的断言。
C454,/hatch/scanning + /hatch/reveal,共享组件,src/features/demo/live-client.tsx,147,其他固定 UI 文案,${composition.primaryInterest} · ${composition.sourceCounts.followees} 个关注,页面可见的固定文字或开发/兜底可见文本。,被多个页面复用；润色时检查是否同时影响多个页面和状态。,保留动态占位符/变量语义；不要把事实性文案改成未经数据支持的断言。
C455,/hatch/scanning + /hatch/reveal,共享组件,src/features/demo/live-client.tsx,148,其他固定 UI 文案,当前最稳定的兴趣方向是「${composition.primaryInterest}」,页面可见的固定文字或开发/兜底可见文本。,被多个页面复用；润色时检查是否同时影响多个页面和状态。,保留动态占位符/变量语义；不要把事实性文案改成未经数据支持的断言。
C456,/hatch/scanning + /hatch/reveal,共享组件,src/features/demo/live-client.tsx,152,其他固定 UI 文案,收藏什么？,页面可见的固定文字或开发/兜底可见文本。,被多个页面复用；润色时检查是否同时影响多个页面和状态。,保留动态占位符/变量语义；不要把事实性文案改成未经数据支持的断言。
C457,/hatch/scanning + /hatch/reveal,共享组件,src/features/demo/live-client.tsx,153,其他固定 UI 文案,${composition.sourceCounts.collections} 条近期收藏 · ${composition.sourceCounts.favlists} 个收藏夹,页面可见的固定文字或开发/兜底可见文本。,被多个页面复用；润色时检查是否同时影响多个页面和状态。,保留动态占位符/变量语义；不要把事实性文案改成未经数据支持的断言。
C458,/hatch/scanning + /hatch/reveal,共享组件,src/features/demo/live-client.tsx,154,其他固定 UI 文案,收藏倾向 ${composition.hoardingLevel}% · 用留下来的内容补全长期偏好,页面可见的固定文字或开发/兜底可见文本。,被多个页面复用；润色时检查是否同时影响多个页面和状态。,保留动态占位符/变量语义；不要把事实性文案改成未经数据支持的断言。
C459,/hatch/scanning + /hatch/reveal,共享组件,src/features/demo/live-client.tsx,177,其他固定 UI 文案,正在闻你的知乎轨迹,页面可见的固定文字或开发/兜底可见文本。,被多个页面复用；润色时检查是否同时影响多个页面和状态。,保留动态占位符/变量语义；不要把事实性文案改成未经数据支持的断言。
C460,/hatch/scanning + /hatch/reveal,共享组件,src/features/demo/live-client.tsx,179,其他固定 UI 文案,有东西开始发光了,页面可见的固定文字或开发/兜底可见文本。,被多个页面复用；润色时检查是否同时影响多个页面和状态。,保留动态占位符/变量语义；不要把事实性文案改成未经数据支持的断言。
C461,/hatch/scanning + /hatch/reveal,共享组件,src/features/demo/live-client.tsx,181,其他固定 UI 文案,壳正在裂开,页面可见的固定文字或开发/兜底可见文本。,被多个页面复用；润色时检查是否同时影响多个页面和状态。,保留动态占位符/变量语义；不要把事实性文案改成未经数据支持的断言。
C462,/hatch/scanning + /hatch/reveal,共享组件,src/features/demo/live-client.tsx,182,其他固定 UI 文案,它出来了,页面可见的固定文字或开发/兜底可见文本。,被多个页面复用；润色时检查是否同时影响多个页面和状态。,保留动态占位符/变量语义；不要把事实性文案改成未经数据支持的断言。
C463,/hatch/scanning + /hatch/reveal,共享组件,src/features/demo/live-client.tsx,292,说明正文,? `发现：${row.finding}` : state ===,解释机制、原因、边界或当前发生了什么。,被多个页面复用；润色时检查是否同时影响多个页面和状态。,保留动态占位符/变量语义；不要把事实性文案改成未经数据支持的断言。
C464,/hatch/scanning + /hatch/reveal,共享组件,src/features/demo/live-client.tsx,292,说明正文,正在读取知乎公开数据…,解释机制、原因、边界或当前发生了什么。,被多个页面复用；润色时检查是否同时影响多个页面和状态。,保留动态占位符/变量语义；不要把事实性文案改成未经数据支持的断言。
C465,/hatch/scanning + /hatch/reveal,共享组件,src/features/demo/live-client.tsx,292,说明正文,等待上一项完成,解释机制、原因、边界或当前发生了什么。,被多个页面复用；润色时检查是否同时影响多个页面和状态。,保留动态占位符/变量语义；不要把事实性文案改成未经数据支持的断言。
C466,/hatch/scanning + /hatch/reveal,共享组件,src/features/demo/live-client.tsx,299,其他固定 UI 文案,没有读到你的知乎数据 · 请刷新重试或重新授权，不会使用测试人格代替你,页面可见的固定文字或开发/兜底可见文本。,被多个页面复用；润色时检查是否同时影响多个页面和状态。,保留动态占位符/变量语义；不要把事实性文案改成未经数据支持的断言。
C467,/hatch/scanning + /hatch/reveal,共享组件,src/features/demo/live-client.tsx,301,其他固定 UI 文案,本地开发备用人格 · 公网不会使用这份数据冒充你的 Persona,页面可见的固定文字或开发/兜底可见文本。,被多个页面复用；润色时检查是否同时影响多个页面和状态。,保留动态占位符/变量语义；不要把事实性文案改成未经数据支持的断言。
C468,/hatch/scanning + /hatch/reveal,共享组件,src/features/demo/live-client.tsx,303,其他固定 UI 文案,你的知乎公开数据已读取 · 正在拼出你的社交气味,页面可见的固定文字或开发/兜底可见文本。,被多个页面复用；润色时检查是否同时影响多个页面和状态。,保留动态占位符/变量语义；不要把事实性文案改成未经数据支持的断言。
C469,/hatch/scanning + /hatch/reveal,共享组件,src/features/demo/live-client.tsx,315,标签/状态,主兴趣,给指标、状态、角色或来源提供短标签。,被多个页面复用；润色时检查是否同时影响多个页面和状态。,保留动态占位符/变量语义；不要把事实性文案改成未经数据支持的断言。
C470,/hatch/scanning + /hatch/reveal,共享组件,src/features/demo/live-client.tsx,317,说明正文,由公开创作、关注与收藏主题共同聚合。当前样本：创作 ${composition.sourceCounts.contents}、关注 ${composition.sourceCounts.followees}、近期收藏 ${composition.sourceCounts.collections}。,解释机制、原因、边界或当前发生了什么。,被多个页面复用；润色时检查是否同时影响多个页面和状态。,保留动态占位符/变量语义；不要把事实性文案改成未经数据支持的断言。
C471,/hatch/scanning + /hatch/reveal,共享组件,src/features/demo/live-client.tsx,320,标签/状态,表达方式,给指标、状态、角色或来源提供短标签。,被多个页面复用；润色时检查是否同时影响多个页面和状态。,保留动态占位符/变量语义；不要把事实性文案改成未经数据支持的断言。
C472,/hatch/scanning + /hatch/reveal,共享组件,src/features/demo/live-client.tsx,321,其他固定 UI 文案,高密度长答,页面可见的固定文字或开发/兜底可见文本。,被多个页面复用；润色时检查是否同时影响多个页面和状态。,保留动态占位符/变量语义；不要把事实性文案改成未经数据支持的断言。
C473,/hatch/scanning + /hatch/reveal,共享组件,src/features/demo/live-client.tsx,321,其他固定 UI 文案,短句直给,页面可见的固定文字或开发/兜底可见文本。,被多个页面复用；润色时检查是否同时影响多个页面和状态。,保留动态占位符/变量语义；不要把事实性文案改成未经数据支持的断言。
C474,/hatch/scanning + /hatch/reveal,共享组件,src/features/demo/live-client.tsx,321,其他固定 UI 文案,中等篇幅,页面可见的固定文字或开发/兜底可见文本。,被多个页面复用；润色时检查是否同时影响多个页面和状态。,保留动态占位符/变量语义；不要把事实性文案改成未经数据支持的断言。
C475,/hatch/scanning + /hatch/reveal,共享组件,src/features/demo/live-client.tsx,322,说明正文,由公开创作的长度与结构特征映射，不直接复述任何一条原始内容。,解释机制、原因、边界或当前发生了什么。,被多个页面复用；润色时检查是否同时影响多个页面和状态。,保留动态占位符/变量语义；不要把事实性文案改成未经数据支持的断言。
C476,/hatch/scanning + /hatch/reveal,共享组件,src/features/demo/live-client.tsx,325,标签/状态,收藏倾向,给指标、状态、角色或来源提供短标签。,被多个页面复用；润色时检查是否同时影响多个页面和状态。,保留动态占位符/变量语义；不要把事实性文案改成未经数据支持的断言。
C477,/hatch/scanning + /hatch/reveal,共享组件,src/features/demo/live-client.tsx,327,说明正文,结合近期收藏和 ${composition.sourceCounts.favlists} 个公开收藏夹得到的趣味属性。,解释机制、原因、边界或当前发生了什么。,被多个页面复用；润色时检查是否同时影响多个页面和状态。,保留动态占位符/变量语义；不要把事实性文案改成未经数据支持的断言。
C478,/hatch/scanning + /hatch/reveal,共享组件,src/features/demo/live-client.tsx,330,标签/状态,活跃节奏,给指标、状态、角色或来源提供短标签。,被多个页面复用；润色时检查是否同时影响多个页面和状态。,保留动态占位符/变量语义；不要把事实性文案改成未经数据支持的断言。
C479,/hatch/scanning + /hatch/reveal,共享组件,src/features/demo/live-client.tsx,332,说明正文,根据公开内容的时间分布做轻量映射，只作为人格彩蛋，不作为事实判断。,解释机制、原因、边界或当前发生了什么。,被多个页面复用；润色时检查是否同时影响多个页面和状态。,保留动态占位符/变量语义；不要把事实性文案改成未经数据支持的断言。
C480,/hatch/scanning + /hatch/reveal,共享组件,src/features/demo/live-client.tsx,370,其他固定 UI 文案,来自知乎公开数据,页面可见的固定文字或开发/兜底可见文本。,被多个页面复用；润色时检查是否同时影响多个页面和状态。,保留动态占位符/变量语义；不要把事实性文案改成未经数据支持的断言。
C481,/hatch/scanning + /hatch/reveal,共享组件,src/features/demo/live-client.tsx,370,其他固定 UI 文案,备用人格数据,页面可见的固定文字或开发/兜底可见文本。,被多个页面复用；润色时检查是否同时影响多个页面和状态。,保留动态占位符/变量语义；不要把事实性文案改成未经数据支持的断言。
C482,/hatch/scanning + /hatch/reveal,共享组件,src/features/demo/live-client.tsx,376,其他固定 UI 文案,本喵,页面可见的固定文字或开发/兜底可见文本。,被多个页面复用；润色时检查是否同时影响多个页面和状态。,保留动态占位符/变量语义；不要把事实性文案改成未经数据支持的断言。
C483,/hatch/scanning + /hatch/reveal,共享组件,src/features/demo/live-client.tsx,388,说明正文,你留下的问题和答案，正在变成它理解世界的方式。,解释机制、原因、边界或当前发生了什么。,被多个页面复用；润色时检查是否同时影响多个页面和状态。,保留动态占位符/变量语义；不要把事实性文案改成未经数据支持的断言。
C484,/hatch/scanning + /hatch/reveal,共享组件,src/features/demo/live-client.tsx,395,其他固定 UI 文案,带它回窝，开始第一趟旅行,页面可见的固定文字或开发/兜底可见文本。,被多个页面复用；润色时检查是否同时影响多个页面和状态。,保留动态占位符/变量语义；不要把事实性文案改成未经数据支持的断言。
C485,/hatch/scanning + /hatch/reveal,共享组件,src/features/demo/live-client.tsx,395,其他固定 UI 文案,带它出去闻闻,页面可见的固定文字或开发/兜底可见文本。,被多个页面复用；润色时检查是否同时影响多个页面和状态。,保留动态占位符/变量语义；不要把事实性文案改成未经数据支持的断言。
C486,/home (Journey states),共享组件,src/features/demo/outing-client.tsx,45,其他固定 UI 文案,旅途状态暂时没读到，刷新页面再试一次。,页面可见的固定文字或开发/兜底可见文本。,被多个页面复用；润色时检查是否同时影响多个页面和状态。,保留动态占位符/变量语义；不要把事实性文案改成未经数据支持的断言。
C487,/home (Journey states),共享组件,src/features/demo/outing-client.tsx,58,其他固定 UI 文案,先完成知乎授权，这只猫才有自己的长期旅途。,页面可见的固定文字或开发/兜底可见文本。,被多个页面复用；润色时检查是否同时影响多个页面和状态。,保留动态占位符/变量语义；不要把事实性文案改成未经数据支持的断言。
C488,/home (Journey states),共享组件,src/features/demo/outing-client.tsx,67,其他固定 UI 文案,这次没能把纸条交给它，再点一次就好。,页面可见的固定文字或开发/兜底可见文本。,被多个页面复用；润色时检查是否同时影响多个页面和状态。,保留动态占位符/变量语义；不要把事实性文案改成未经数据支持的断言。
C489,/home (Journey states),共享组件,src/features/demo/outing-client.tsx,75,其他固定 UI 文案,纸条塞好了：「${routeBias}」。它还在睡，醒了会自己决定什么时候走。,页面可见的固定文字或开发/兜底可见文本。,被多个页面复用；润色时检查是否同时影响多个页面和状态。,保留动态占位符/变量语义；不要把事实性文案改成未经数据支持的断言。
C490,/home (Journey states),共享组件,src/features/demo/outing-client.tsx,94,其他固定 UI 文案,正在看它在不在家……,页面可见的固定文字或开发/兜底可见文本。,被多个页面复用；润色时检查是否同时影响多个页面和状态。,保留动态占位符/变量语义；不要把事实性文案改成未经数据支持的断言。
C491,/home (Journey states),共享组件,src/features/demo/outing-client.tsx,158,眉题/舞台标签,LIGHTS DOWN · 刚回来，先睡一会儿,说明场景、阶段或信息类型。,被多个页面复用；润色时检查是否同时影响多个页面和状态。,保留动态占位符/变量语义；不要把事实性文案改成未经数据支持的断言。
C492,/home (Journey states),共享组件,src/features/demo/outing-client.tsx,158,眉题/舞台标签,AT HOME · 先替它准备一点东西,说明场景、阶段或信息类型。,被多个页面复用；润色时检查是否同时影响多个页面和状态。,保留动态占位符/变量语义；不要把事实性文案改成未经数据支持的断言。
C493,/home (Journey states),共享组件,src/features/demo/outing-client.tsx,160,标签/状态,睡着,给指标、状态、角色或来源提供短标签。,被多个页面复用；润色时检查是否同时影响多个页面和状态。,保留动态占位符/变量语义；不要把事实性文案改成未经数据支持的断言。
C494,/home (Journey states),共享组件,src/features/demo/outing-client.tsx,160,标签/状态,它还,给指标、状态、角色或来源提供短标签。,被多个页面复用；润色时检查是否同时影响多个页面和状态。,保留动态占位符/变量语义；不要把事实性文案改成未经数据支持的断言。
C495,/home (Journey states),共享组件,src/features/demo/outing-client.tsx,161,标签/状态,以后会再走。,给指标、状态、角色或来源提供短标签。,被多个页面复用；润色时检查是否同时影响多个页面和状态。,保留动态占位符/变量语义；不要把事实性文案改成未经数据支持的断言。
C496,/home (Journey states),共享组件,src/features/demo/outing-client.tsx,161,标签/状态,在窝里。,给指标、状态、角色或来源提供短标签。,被多个页面复用；润色时检查是否同时影响多个页面和状态。,保留动态占位符/变量语义；不要把事实性文案改成未经数据支持的断言。
C497,/home (Journey states),共享组件,src/features/demo/outing-client.tsx,163,说明正文,下一趟的纸条已经压好了：「${queuedRouteBias}」。它醒了以后会自己决定什么时候出门。,解释机制、原因、边界或当前发生了什么。,被多个页面复用；润色时检查是否同时影响多个页面和状态。,保留动态占位符/变量语义；不要把事实性文案改成未经数据支持的断言。
C498,/home (Journey states),共享组件,src/features/demo/outing-client.tsx,163,说明正文,它刚从外面回来。你可以什么都不做，等它睡醒以后自己再走。,解释机制、原因、边界或当前发生了什么。,被多个页面复用；润色时检查是否同时影响多个页面和状态。,保留动态占位符/变量语义；不要把事实性文案改成未经数据支持的断言。
C499,/home (Journey states),共享组件,src/features/demo/outing-client.tsx,163,说明正文,你只负责把纸条放进它的行囊。什么时候出门、去哪、会看见什么，都是它自己的决定。,解释机制、原因、边界或当前发生了什么。,被多个页面复用；润色时检查是否同时影响多个页面和状态。,保留动态占位符/变量语义；不要把事实性文案改成未经数据支持的断言。
C500,/home (Journey states),共享组件,src/features/demo/outing-client.tsx,168,标签/状态,旅行册 · TRAVEL BOOK,给指标、状态、角色或来源提供短标签。,被多个页面复用；润色时检查是否同时影响多个页面和状态。,保留动态占位符/变量语义；不要把事实性文案改成未经数据支持的断言。
C501,/home (Journey states),共享组件,src/features/demo/outing-client.tsx,169,其他固定 UI 文案,上一趟已经收进旅行册。,页面可见的固定文字或开发/兜底可见文本。,被多个页面复用；润色时检查是否同时影响多个页面和状态。,保留动态占位符/变量语义；不要把事实性文案改成未经数据支持的断言。
C502,/home (Journey states),共享组件,src/features/demo/outing-client.tsx,169,其他固定 UI 文案,第一张明信片，还没有回来。,页面可见的固定文字或开发/兜底可见文本。,被多个页面复用；润色时检查是否同时影响多个页面和状态。,保留动态占位符/变量语义；不要把事实性文案改成未经数据支持的断言。
C503,/home (Journey states),共享组件,src/features/demo/outing-client.tsx,170,说明正文,下一趟纸条：「${queuedRouteBias}」,解释机制、原因、边界或当前发生了什么。,被多个页面复用；润色时检查是否同时影响多个页面和状态。,保留动态占位符/变量语义；不要把事实性文案改成未经数据支持的断言。
C504,/home (Journey states),共享组件,src/features/demo/outing-client.tsx,170,说明正文,不要提前知道它会去哪。回来以后再拆包，才知道它看见了什么。,解释机制、原因、边界或当前发生了什么。,被多个页面复用；润色时检查是否同时影响多个页面和状态。,保留动态占位符/变量语义；不要把事实性文案改成未经数据支持的断言。
C505,/home (Journey states),共享组件,src/features/demo/outing-client.tsx,171,其他固定 UI 文案,翻一翻旅行册 →,页面可见的固定文字或开发/兜底可见文本。,被多个页面复用；润色时检查是否同时影响多个页面和状态。,保留动态占位符/变量语义；不要把事实性文案改成未经数据支持的断言。
C506,/home (Journey states),共享组件,src/features/demo/outing-client.tsx,176,无障碍/图像说明,${catName}刚回来，正在窝里睡觉,帮助屏幕阅读器或解释视觉对象。,被多个页面复用；润色时检查是否同时影响多个页面和状态。,保留动态占位符/变量语义；不要把事实性文案改成未经数据支持的断言。
C507,/home (Journey states),共享组件,src/features/demo/outing-client.tsx,176,无障碍/图像说明,${catName}在窝里准备下一趟旅途,帮助屏幕阅读器或解释视觉对象。,被多个页面复用；润色时检查是否同时影响多个页面和状态。,保留动态占位符/变量语义；不要把事实性文案改成未经数据支持的断言。
C508,/home (Journey states),共享组件,src/features/demo/outing-client.tsx,183,标签/状态,刚回来。,给指标、状态、角色或来源提供短标签。,被多个页面复用；润色时检查是否同时影响多个页面和状态。,保留动态占位符/变量语义；不要把事实性文案改成未经数据支持的断言。
C509,/home (Journey states),共享组件,src/features/demo/outing-client.tsx,183,标签/状态,先歇会儿。,给指标、状态、角色或来源提供短标签。,被多个页面复用；润色时检查是否同时影响多个页面和状态。,保留动态占位符/变量语义；不要把事实性文案改成未经数据支持的断言。
C510,/home (Journey states),共享组件,src/features/demo/outing-client.tsx,183,标签/状态,好奇心已经,给指标、状态、角色或来源提供短标签。,被多个页面复用；润色时检查是否同时影响多个页面和状态。,保留动态占位符/变量语义；不要把事实性文案改成未经数据支持的断言。
C511,/home (Journey states),共享组件,src/features/demo/outing-client.tsx,183,标签/状态,开始转了。,给指标、状态、角色或来源提供短标签。,被多个页面复用；润色时检查是否同时影响多个页面和状态。,保留动态占位符/变量语义；不要把事实性文案改成未经数据支持的断言。
C512,/home (Journey states),共享组件,src/features/demo/outing-client.tsx,187,标签/状态,给下一趟压张纸条,给指标、状态、角色或来源提供短标签。,被多个页面复用；润色时检查是否同时影响多个页面和状态。,保留动态占位符/变量语义；不要把事实性文案改成未经数据支持的断言。
C513,/home (Journey states),共享组件,src/features/demo/outing-client.tsx,187,标签/状态,给它准备行囊,给指标、状态、角色或来源提供短标签。,被多个页面复用；润色时检查是否同时影响多个页面和状态。,保留动态占位符/变量语义；不要把事实性文案改成未经数据支持的断言。
C514,/home (Journey states),共享组件,src/features/demo/outing-client.tsx,187,标签/状态,给行囊塞张纸条,给指标、状态、角色或来源提供短标签。,被多个页面复用；润色时检查是否同时影响多个页面和状态。,保留动态占位符/变量语义；不要把事实性文案改成未经数据支持的断言。
C515,/home (Journey states),共享组件,src/features/demo/outing-client.tsx,190,说明正文,它刚回来，还在睡。你可以先塞一张纸条；醒了以后它会自己决定什么时候走。,解释机制、原因、边界或当前发生了什么。,被多个页面复用；润色时检查是否同时影响多个页面和状态。,保留动态占位符/变量语义；不要把事实性文案改成未经数据支持的断言。
C516,/home (Journey states),共享组件,src/features/demo/outing-client.tsx,190,说明正文,你只能给一个模糊方向。纸条不会决定目的地，更不会决定它带什么回来。,解释机制、原因、边界或当前发生了什么。,被多个页面复用；润色时检查是否同时影响多个页面和状态。,保留动态占位符/变量语义；不要把事实性文案改成未经数据支持的断言。
C517,/home (Journey states),共享组件,src/features/demo/outing-client.tsx,191,无障碍/图像说明,纸条方向建议,帮助屏幕阅读器或解释视觉对象。,被多个页面复用；润色时检查是否同时影响多个页面和状态。,保留动态占位符/变量语义；不要把事实性文案改成未经数据支持的断言。
C518,/home (Journey states),共享组件,src/features/demo/outing-client.tsx,210,其他固定 UI 文案,自己写一张,页面可见的固定文字或开发/兜底可见文本。,被多个页面复用；润色时检查是否同时影响多个页面和状态。,保留动态占位符/变量语义；不要把事实性文案改成未经数据支持的断言。
C519,/home (Journey states),共享组件,src/features/demo/outing-client.tsx,215,输入提示,比如：最近总在看效率工具，带我去看看反对意见。,告诉用户可以输入什么以及输入方式。,被多个页面复用；润色时检查是否同时影响多个页面和状态。,保留动态占位符/变量语义；不要把事实性文案改成未经数据支持的断言。
C520,/home (Journey states),共享组件,src/features/demo/outing-client.tsx,220,标签/状态,<span>{Array.from(draftRouteBias).length}/40 字</span>,给指标、状态、角色或来源提供短标签。,被多个页面复用；润色时检查是否同时影响多个页面和状态。,保留动态占位符/变量语义；不要把事实性文案改成未经数据支持的断言。
C521,/home (Journey states),共享组件,src/features/demo/outing-client.tsx,221,CTA/导航,压进包里 →,推动下一步操作或页面跳转。,被多个页面复用；润色时检查是否同时影响多个页面和状态。,保留动态占位符/变量语义；不要把事实性文案改成未经数据支持的断言。
C522,/home (Journey states),共享组件,src/features/demo/outing-client.tsx,227,其他固定 UI 文案,先看看知乎现在有什么 →,页面可见的固定文字或开发/兜底可见文本。,被多个页面复用；润色时检查是否同时影响多个页面和状态。,保留动态占位符/变量语义；不要把事实性文案改成未经数据支持的断言。
C523,/home (Journey states),共享组件,src/features/demo/outing-client.tsx,231,标签/状态,公开创作,给指标、状态、角色或来源提供短标签。,被多个页面复用；润色时检查是否同时影响多个页面和状态。,保留动态占位符/变量语义；不要把事实性文案改成未经数据支持的断言。
C524,/home (Journey states),共享组件,src/features/demo/outing-client.tsx,231,标签/状态,表达线索,给指标、状态、角色或来源提供短标签。,被多个页面复用；润色时检查是否同时影响多个页面和状态。,保留动态占位符/变量语义；不要把事实性文案改成未经数据支持的断言。
C525,/home (Journey states),共享组件,src/features/demo/outing-client.tsx,232,标签/状态,关注,给指标、状态、角色或来源提供短标签。,被多个页面复用；润色时检查是否同时影响多个页面和状态。,保留动态占位符/变量语义；不要把事实性文案改成未经数据支持的断言。
C526,/home (Journey states),共享组件,src/features/demo/outing-client.tsx,232,标签/状态,长期兴趣,给指标、状态、角色或来源提供短标签。,被多个页面复用；润色时检查是否同时影响多个页面和状态。,保留动态占位符/变量语义；不要把事实性文案改成未经数据支持的断言。
C527,/home (Journey states),共享组件,src/features/demo/outing-client.tsx,233,标签/状态,近期收藏,给指标、状态、角色或来源提供短标签。,被多个页面复用；润色时检查是否同时影响多个页面和状态。,保留动态占位符/变量语义；不要把事实性文案改成未经数据支持的断言。
C528,/home (Journey states),共享组件,src/features/demo/outing-client.tsx,233,标签/状态,真正留下,给指标、状态、角色或来源提供短标签。,被多个页面复用；润色时检查是否同时影响多个页面和状态。,保留动态占位符/变量语义；不要把事实性文案改成未经数据支持的断言。
C529,/home (Journey states),共享组件,src/features/demo/outing-client.tsx,234,标签/状态,综合,给指标、状态、角色或来源提供短标签。,被多个页面复用；润色时检查是否同时影响多个页面和状态。,保留动态占位符/变量语义；不要把事实性文案改成未经数据支持的断言。
C530,/home (Journey states),共享组件,src/features/demo/outing-client.tsx,234,标签/状态,人格方向,给指标、状态、角色或来源提供短标签。,被多个页面复用；润色时检查是否同时影响多个页面和状态。,保留动态占位符/变量语义；不要把事实性文案改成未经数据支持的断言。
C531,/home (Journey states),共享组件,src/features/demo/outing-client.tsx,252,眉题/舞台标签,PACKING · 别催，它自己决定什么时候走,说明场景、阶段或信息类型。,被多个页面复用；润色时检查是否同时影响多个页面和状态。,保留动态占位符/变量语义；不要把事实性文案改成未经数据支持的断言。
C532,/home (Journey states),共享组件,src/features/demo/outing-client.tsx,253,标题,它开始,建立页面/卡片主命题与注意力层级。,被多个页面复用；润色时检查是否同时影响多个页面和状态。,保留动态占位符/变量语义；不要把事实性文案改成未经数据支持的断言。
C533,/home (Journey states),共享组件,src/features/demo/outing-client.tsx,253,标题,收行囊了。,建立页面/卡片主命题与注意力层级。,被多个页面复用；润色时检查是否同时影响多个页面和状态。,保留动态占位符/变量语义；不要把事实性文案改成未经数据支持的断言。
C534,/home (Journey states),共享组件,src/features/demo/outing-client.tsx,254,无障碍/图像说明,${catName}收拾出门装备,帮助屏幕阅读器或解释视觉对象。,被多个页面复用；润色时检查是否同时影响多个页面和状态。,保留动态占位符/变量语义；不要把事实性文案改成未经数据支持的断言。
C535,/home (Journey states),共享组件,src/features/demo/outing-client.tsx,256,标签/状态,行囊里唯一由你放进去的东西,给指标、状态、角色或来源提供短标签。,被多个页面复用；润色时检查是否同时影响多个页面和状态。,保留动态占位符/变量语义；不要把事实性文案改成未经数据支持的断言。
C536,/home (Journey states),共享组件,src/features/demo/outing-client.tsx,257,其他固定 UI 文案,随便逛,页面可见的固定文字或开发/兜底可见文本。,被多个页面复用；润色时检查是否同时影响多个页面和状态。,保留动态占位符/变量语义；不要把事实性文案改成未经数据支持的断言。
C537,/home (Journey states),共享组件,src/features/demo/outing-client.tsx,257,其他固定 UI 文案,"「{routeBias ?? ""随便逛""}」",页面可见的固定文字或开发/兜底可见文本。,被多个页面复用；润色时检查是否同时影响多个页面和状态。,保留动态占位符/变量语义；不要把事实性文案改成未经数据支持的断言。
C538,/home (Journey states),共享组件,src/features/demo/outing-client.tsx,258,说明正文,纸条看见了。接下来不用点“出发”，它会自己把门带上。,解释机制、原因、边界或当前发生了什么。,被多个页面复用；润色时检查是否同时影响多个页面和状态。,保留动态占位符/变量语义；不要把事实性文案改成未经数据支持的断言。
C539,/home (Journey states),共享组件,src/features/demo/outing-client.tsx,259,无障碍/图像说明,出门准备,帮助屏幕阅读器或解释视觉对象。,被多个页面复用；润色时检查是否同时影响多个页面和状态。,保留动态占位符/变量语义；不要把事实性文案改成未经数据支持的断言。
C540,/home (Journey states),共享组件,src/features/demo/outing-client.tsx,260,标签/状态,纸条收好,给指标、状态、角色或来源提供短标签。,被多个页面复用；润色时检查是否同时影响多个页面和状态。,保留动态占位符/变量语义；不要把事实性文案改成未经数据支持的断言。
C541,/home (Journey states),共享组件,src/features/demo/outing-client.tsx,261,标签/状态,自己收包,给指标、状态、角色或来源提供短标签。,被多个页面复用；润色时检查是否同时影响多个页面和状态。,保留动态占位符/变量语义；不要把事实性文案改成未经数据支持的断言。
C542,/home (Journey states),共享组件,src/features/demo/outing-client.tsx,262,标签/状态,自己出门,给指标、状态、角色或来源提供短标签。,被多个页面复用；润色时检查是否同时影响多个页面和状态。,保留动态占位符/变量语义；不要把事实性文案改成未经数据支持的断言。
C543,/home (Journey states),共享组件,src/features/demo/outing-client.tsx,272,其他固定 UI 文案,刚出门。门口的脚印还很新。,页面可见的固定文字或开发/兜底可见文本。,被多个页面复用；润色时检查是否同时影响多个页面和状态。,保留动态占位符/变量语义；不要把事实性文案改成未经数据支持的断言。
C544,/home (Journey states),共享组件,src/features/demo/outing-client.tsx,273,其他固定 UI 文案,已经走远了。现在不知道它在哪。,页面可见的固定文字或开发/兜底可见文本。,被多个页面复用；润色时检查是否同时影响多个页面和状态。,保留动态占位符/变量语义；不要把事实性文案改成未经数据支持的断言。
C545,/home (Journey states),共享组件,src/features/demo/outing-client.tsx,274,其他固定 UI 文案,外面安静了很久。也许快回来了。,页面可见的固定文字或开发/兜底可见文本。,被多个页面复用；润色时检查是否同时影响多个页面和状态。,保留动态占位符/变量语义；不要把事实性文案改成未经数据支持的断言。
C546,/home (Journey states),共享组件,src/features/demo/outing-client.tsx,282,标题,窝空了。,建立页面/卡片主命题与注意力层级。,被多个页面复用；润色时检查是否同时影响多个页面和状态。,保留动态占位符/变量语义；不要把事实性文案改成未经数据支持的断言。
C547,/home (Journey states),共享组件,src/features/demo/outing-client.tsx,285,标签/状态,它带走的纸条,给指标、状态、角色或来源提供短标签。,被多个页面复用；润色时检查是否同时影响多个页面和状态。,保留动态占位符/变量语义；不要把事实性文案改成未经数据支持的断言。
C548,/home (Journey states),共享组件,src/features/demo/outing-client.tsx,286,其他固定 UI 文案,随便逛,页面可见的固定文字或开发/兜底可见文本。,被多个页面复用；润色时检查是否同时影响多个页面和状态。,保留动态占位符/变量语义；不要把事实性文案改成未经数据支持的断言。
C549,/home (Journey states),共享组件,src/features/demo/outing-client.tsx,286,其他固定 UI 文案,"「{journey.routeBias ?? ""随便逛""}」",页面可见的固定文字或开发/兜底可见文本。,被多个页面复用；润色时检查是否同时影响多个页面和状态。,保留动态占位符/变量语义；不要把事实性文案改成未经数据支持的断言。
C550,/home (Journey states),共享组件,src/features/demo/outing-client.tsx,287,说明正文,这只是一个方向。你不会看到倒计时，也不能把它叫回来。,解释机制、原因、边界或当前发生了什么。,被多个页面复用；润色时检查是否同时影响多个页面和状态。,保留动态占位符/变量语义；不要把事实性文案改成未经数据支持的断言。
C551,/home (Journey states),共享组件,src/features/demo/outing-client.tsx,290,其他固定 UI 文案,翻翻以前的旅行册 →,页面可见的固定文字或开发/兜底可见文本。,被多个页面复用；润色时检查是否同时影响多个页面和状态。,保留动态占位符/变量语义；不要把事实性文案改成未经数据支持的断言。
C552,/home (Journey states),共享组件,src/features/demo/outing-client.tsx,291,标签/状态,等门自己响。,给指标、状态、角色或来源提供短标签。,被多个页面复用；润色时检查是否同时影响多个页面和状态。,保留动态占位符/变量语义；不要把事实性文案改成未经数据支持的断言。
C553,/home (Journey states),共享组件,src/features/demo/outing-client.tsx,313,其他固定 UI 文案,这一趟只留下了出门记录。,页面可见的固定文字或开发/兜底可见文本。,被多个页面复用；润色时检查是否同时影响多个页面和状态。,保留动态占位符/变量语义；不要把事实性文案改成未经数据支持的断言。
C554,/home (Journey states),共享组件,src/features/demo/outing-client.tsx,318,其他固定 UI 文案,关系票根 · RELATION TICKET,页面可见的固定文字或开发/兜底可见文本。,被多个页面复用；润色时检查是否同时影响多个页面和状态。,保留动态占位符/变量语义；不要把事实性文案改成未经数据支持的断言。
C555,/home (Journey states),共享组件,src/features/demo/outing-client.tsx,320,其他固定 UI 文案,观点碎片 · OPINION FRAGMENT,页面可见的固定文字或开发/兜底可见文本。,被多个页面复用；润色时检查是否同时影响多个页面和状态。,保留动态占位符/变量语义；不要把事实性文案改成未经数据支持的断言。
C556,/home (Journey states),共享组件,src/features/demo/outing-client.tsx,322,其他固定 UI 文案,怪东西 · ODDITY,页面可见的固定文字或开发/兜底可见文本。,被多个页面复用；润色时检查是否同时影响多个页面和状态。,保留动态占位符/变量语义；不要把事实性文案改成未经数据支持的断言。
C557,/home (Journey states),共享组件,src/features/demo/outing-client.tsx,324,其他固定 UI 文案,问题票根 · QUESTION TICKET,页面可见的固定文字或开发/兜底可见文本。,被多个页面复用；润色时检查是否同时影响多个页面和状态。,保留动态占位符/变量语义；不要把事实性文案改成未经数据支持的断言。
C558,/home (Journey states),共享组件,src/features/demo/outing-client.tsx,326,其他固定 UI 文案,新认识 · ABOUT YOU,页面可见的固定文字或开发/兜底可见文本。,被多个页面复用；润色时检查是否同时影响多个页面和状态。,保留动态占位符/变量语义；不要把事实性文案改成未经数据支持的断言。
C559,/home (Journey states),共享组件,src/features/demo/outing-client.tsx,327,其他固定 UI 文案,旅途札记 · POSTCARD,页面可见的固定文字或开发/兜底可见文本。,被多个页面复用；润色时检查是否同时影响多个页面和状态。,保留动态占位符/变量语义；不要把事实性文案改成未经数据支持的断言。
C560,/home (Journey states),共享组件,src/features/demo/outing-client.tsx,330,其他固定 UI 文案,这一趟留下的旅行记录,页面可见的固定文字或开发/兜底可见文本。,被多个页面复用；润色时检查是否同时影响多个页面和状态。,保留动态占位符/变量语义；不要把事实性文案改成未经数据支持的断言。
C561,/home (Journey states),共享组件,src/features/demo/outing-client.tsx,331,其他固定 UI 文案,这一趟的旅行札记,页面可见的固定文字或开发/兜底可见文本。,被多个页面复用；润色时检查是否同时影响多个页面和状态。,保留动态占位符/变量语义；不要把事实性文案改成未经数据支持的断言。
C562,/home (Journey states),共享组件,src/features/demo/outing-client.tsx,351,眉题/舞台标签,RETURNED · 回窝,说明场景、阶段或信息类型。,被多个页面复用；润色时检查是否同时影响多个页面和状态。,保留动态占位符/变量语义；不要把事实性文案改成未经数据支持的断言。
C563,/home (Journey states),共享组件,src/features/demo/outing-client.tsx,352,标签/状态,旅包已经放在桌边。,给指标、状态、角色或来源提供短标签。,被多个页面复用；润色时检查是否同时影响多个页面和状态。,保留动态占位符/变量语义；不要把事实性文案改成未经数据支持的断言。
C564,/home (Journey states),共享组件,src/features/demo/outing-client.tsx,353,标题,回窝了。,建立页面/卡片主命题与注意力层级。,被多个页面复用；润色时检查是否同时影响多个页面和状态。,保留动态占位符/变量语义；不要把事实性文案改成未经数据支持的断言。
C565,/home (Journey states),共享组件,src/features/demo/outing-client.tsx,354,说明正文,这一趟留下的东西，都在这里。,解释机制、原因、边界或当前发生了什么。,被多个页面复用；润色时检查是否同时影响多个页面和状态。,保留动态占位符/变量语义；不要把事实性文案改成未经数据支持的断言。
C566,/home (Journey states),共享组件,src/features/demo/outing-client.tsx,354,说明正文,先拆包。里面是什么，打开以后才知道。,解释机制、原因、边界或当前发生了什么。,被多个页面复用；润色时检查是否同时影响多个页面和状态。,保留动态占位符/变量语义；不要把事实性文案改成未经数据支持的断言。
C567,/home (Journey states),共享组件,src/features/demo/outing-client.tsx,356,无障碍/图像说明,${catName}背着旅包回到窝里,帮助屏幕阅读器或解释视觉对象。,被多个页面复用；润色时检查是否同时影响多个页面和状态。,保留动态占位符/变量语义；不要把事实性文案改成未经数据支持的断言。
C568,/home (Journey states),共享组件,src/features/demo/outing-client.tsx,359,标签/状态,旅包 · SEALED,给指标、状态、角色或来源提供短标签。,被多个页面复用；润色时检查是否同时影响多个页面和状态。,保留动态占位符/变量语义；不要把事实性文案改成未经数据支持的断言。
C569,/home (Journey states),共享组件,src/features/demo/outing-client.tsx,360,标题,东西还没摊开。,建立页面/卡片主命题与注意力层级。,被多个页面复用；润色时检查是否同时影响多个页面和状态。,保留动态占位符/变量语义；不要把事实性文案改成未经数据支持的断言。
C570,/home (Journey states),共享组件,src/features/demo/outing-client.tsx,361,说明正文,可能是一张问题票，也可能是它对你的一个新发现。这一趟回来，总会留下能继续看的东西。,解释机制、原因、边界或当前发生了什么。,被多个页面复用；润色时检查是否同时影响多个页面和状态。,保留动态占位符/变量语义；不要把事实性文案改成未经数据支持的断言。
C571,/home (Journey states),共享组件,src/features/demo/outing-client.tsx,363,CTA/导航,拆开它的包,推动下一步操作或页面跳转。,被多个页面复用；润色时检查是否同时影响多个页面和状态。,保留动态占位符/变量语义；不要把事实性文案改成未经数据支持的断言。
C572,/home (Journey states),共享组件,src/features/demo/outing-client.tsx,369,说明正文,随便逛,解释机制、原因、边界或当前发生了什么。,被多个页面复用；润色时检查是否同时影响多个页面和状态。,保留动态占位符/变量语义；不要把事实性文案改成未经数据支持的断言。
C573,/home (Journey states),共享组件,src/features/demo/outing-client.tsx,369,说明正文,"你塞的纸条：{journey.routeBias ?? ""随便逛""}",解释机制、原因、边界或当前发生了什么。,被多个页面复用；润色时检查是否同时影响多个页面和状态。,保留动态占位符/变量语义；不要把事实性文案改成未经数据支持的断言。
C574,/home (Journey states),共享组件,src/features/demo/outing-client.tsx,372,标签/状态,一个真实知乎问题,给指标、状态、角色或来源提供短标签。,被多个页面复用；润色时检查是否同时影响多个页面和状态。,保留动态占位符/变量语义；不要把事实性文案改成未经数据支持的断言。
C575,/home (Journey states),共享组件,src/features/demo/outing-client.tsx,372,标签/状态,一场真实相遇,给指标、状态、角色或来源提供短标签。,被多个页面复用；润色时检查是否同时影响多个页面和状态。,保留动态占位符/变量语义；不要把事实性文案改成未经数据支持的断言。
C576,/home (Journey states),共享组件,src/features/demo/outing-client.tsx,372,标签/状态,一条沿这趟路线形成的新观察,给指标、状态、角色或来源提供短标签。,被多个页面复用；润色时检查是否同时影响多个页面和状态。,保留动态占位符/变量语义；不要把事实性文案改成未经数据支持的断言。
C577,/home (Journey states),共享组件,src/features/demo/outing-client.tsx,372,标签/状态,一页可追溯的旅行记录,给指标、状态、角色或来源提供短标签。,被多个页面复用；润色时检查是否同时影响多个页面和状态。,保留动态占位符/变量语义；不要把事实性文案改成未经数据支持的断言。
C578,/home (Journey states),共享组件,src/features/demo/outing-client.tsx,372,标签/状态,它看到了什么,给指标、状态、角色或来源提供短标签。,被多个页面复用；润色时检查是否同时影响多个页面和状态。,保留动态占位符/变量语义；不要把事实性文案改成未经数据支持的断言。
C579,/home (Journey states),共享组件,src/features/demo/outing-client.tsx,373,标签/状态,"${conversation.kind === ""USER"" ? ""真实用户 Persona"" : ""社区 NPC""} · ${conversation.textCharCount} 字",给指标、状态、角色或来源提供短标签。,被多个页面复用；润色时检查是否同时影响多个页面和状态。,保留动态占位符/变量语义；不要把事实性文案改成未经数据支持的断言。
C580,/home (Journey states),共享组件,src/features/demo/outing-client.tsx,373,标签/状态,这趟没有停下来聊天,给指标、状态、角色或来源提供短标签。,被多个页面复用；润色时检查是否同时影响多个页面和状态。,保留动态占位符/变量语义；不要把事实性文案改成未经数据支持的断言。
C581,/home (Journey states),共享组件,src/features/demo/outing-client.tsx,373,标签/状态,它路上聊了什么,给指标、状态、角色或来源提供短标签。,被多个页面复用；润色时检查是否同时影响多个页面和状态。,保留动态占位符/变量语义；不要把事实性文案改成未经数据支持的断言。
C582,/home (Journey states),共享组件,src/features/demo/outing-client.tsx,374,标签/状态,1 条新认识 · ${insight.textCharCount} 字,给指标、状态、角色或来源提供短标签。,被多个页面复用；润色时检查是否同时影响多个页面和状态。,保留动态占位符/变量语义；不要把事实性文案改成未经数据支持的断言。
C583,/home (Journey states),共享组件,src/features/demo/outing-client.tsx,374,标签/状态,仍按可验证事实记录,给指标、状态、角色或来源提供短标签。,被多个页面复用；润色时检查是否同时影响多个页面和状态。,保留动态占位符/变量语义；不要把事实性文案改成未经数据支持的断言。
C584,/home (Journey states),共享组件,src/features/demo/outing-client.tsx,374,标签/状态,它更懂你什么,给指标、状态、角色或来源提供短标签。,被多个页面复用；润色时检查是否同时影响多个页面和状态。,保留动态占位符/变量语义；不要把事实性文案改成未经数据支持的断言。
C585,/home (Journey states),共享组件,src/features/demo/outing-client.tsx,377,无障碍/图像说明,旅途中发生的对话,帮助屏幕阅读器或解释视觉对象。,被多个页面复用；润色时检查是否同时影响多个页面和状态。,保留动态占位符/变量语义；不要把事实性文案改成未经数据支持的断言。
C586,/home (Journey states),共享组件,src/features/demo/outing-client.tsx,378,标签/状态,SHARED ENCOUNTER · 真实用户,给指标、状态、角色或来源提供短标签。,被多个页面复用；润色时检查是否同时影响多个页面和状态。,保留动态占位符/变量语义；不要把事实性文案改成未经数据支持的断言。
C587,/home (Journey states),共享组件,src/features/demo/outing-client.tsx,378,标签/状态,ROADSIDE CHAT · 社区 NPC,给指标、状态、角色或来源提供短标签。,被多个页面复用；润色时检查是否同时影响多个页面和状态。,保留动态占位符/变量语义；不要把事实性文案改成未经数据支持的断言。
C588,/home (Journey states),共享组件,src/features/demo/outing-client.tsx,379,标题,路上碰见了 {conversation.participantName}。,建立页面/卡片主命题与注意力层级。,被多个页面复用；润色时检查是否同时影响多个页面和状态。,保留动态占位符/变量语义；不要把事实性文案改成未经数据支持的断言。
C589,/home (Journey states),共享组件,src/features/demo/outing-client.tsx,388,标签/状态,<small>{conversation.sourceLabel} · {conversation.turns.length} 句 · {conversation.textCharCount} 字</small>,给指标、状态、角色或来源提供短标签。,被多个页面复用；润色时检查是否同时影响多个页面和状态。,保留动态占位符/变量语义；不要把事实性文案改成未经数据支持的断言。
C590,/home (Journey states),共享组件,src/features/demo/outing-client.tsx,392,无障碍/图像说明,它对你的一个新发现,帮助屏幕阅读器或解释视觉对象。,被多个页面复用；润色时检查是否同时影响多个页面和状态。,保留动态占位符/变量语义；不要把事实性文案改成未经数据支持的断言。
C591,/home (Journey states),共享组件,src/features/demo/outing-client.tsx,393,标签/状态,新认识 · ABOUT YOU · {insight.textCharCount} 字,给指标、状态、角色或来源提供短标签。,被多个页面复用；润色时检查是否同时影响多个页面和状态。,保留动态占位符/变量语义；不要把事实性文案改成未经数据支持的断言。
C592,/home (Journey states),共享组件,src/features/demo/outing-client.tsx,398,其他固定 UI 文案,它为什么这么想 →,页面可见的固定文字或开发/兜底可见文本。,被多个页面复用；润色时检查是否同时影响多个页面和状态。,保留动态占位符/变量语义；不要把事实性文案改成未经数据支持的断言。
C593,/home (Journey states),共享组件,src/features/demo/outing-client.tsx,415,其他固定 UI 文案,这次回应已经记进这趟旅程，不会直接改写你的人格。,页面可见的固定文字或开发/兜底可见文本。,被多个页面复用；润色时检查是否同时影响多个页面和状态。,保留动态占位符/变量语义；不要把事实性文案改成未经数据支持的断言。
C594,/home (Journey states),共享组件,src/features/demo/outing-client.tsx,419,其他固定 UI 文案,看它们这一幕 →,页面可见的固定文字或开发/兜底可见文本。,被多个页面复用；润色时检查是否同时影响多个页面和状态。,保留动态占位符/变量语义；不要把事实性文案改成未经数据支持的断言。
C595,/home (Journey states),共享组件,src/features/demo/outing-client.tsx,421,其他固定 UI 文案,去知乎看原问题 →,页面可见的固定文字或开发/兜底可见文本。,被多个页面复用；润色时检查是否同时影响多个页面和状态。,保留动态占位符/变量语义；不要把事实性文案改成未经数据支持的断言。
C596,/home (Journey states),共享组件,src/features/demo/outing-client.tsx,423,CTA/导航,收进旅行册,推动下一步操作或页面跳转。,被多个页面复用；润色时检查是否同时影响多个页面和状态。,保留动态占位符/变量语义；不要把事实性文案改成未经数据支持的断言。
C597,/atlas profile editor,共享组件,src/features/demo/profile/client.tsx,15,其他固定 UI 文案,蓝色工具包,页面可见的固定文字或开发/兜底可见文本。,被多个页面复用；润色时检查是否同时影响多个页面和状态。,保留动态占位符/变量语义；不要把事实性文案改成未经数据支持的断言。
C598,/atlas profile editor,共享组件,src/features/demo/profile/client.tsx,16,其他固定 UI 文案,黑色分析夹,页面可见的固定文字或开发/兜底可见文本。,被多个页面复用；润色时检查是否同时影响多个页面和状态。,保留动态占位符/变量语义；不要把事实性文案改成未经数据支持的断言。
C599,/atlas profile editor,共享组件,src/features/demo/profile/client.tsx,17,其他固定 UI 文案,红色思考巾,页面可见的固定文字或开发/兜底可见文本。,被多个页面复用；润色时检查是否同时影响多个页面和状态。,保留动态占位符/变量语义；不要把事实性文案改成未经数据支持的断言。
C600,/atlas profile editor,共享组件,src/features/demo/profile/client.tsx,18,其他固定 UI 文案,帆布观察包,页面可见的固定文字或开发/兜底可见文本。,被多个页面复用；润色时检查是否同时影响多个页面和状态。,保留动态占位符/变量语义；不要把事实性文案改成未经数据支持的断言。
C601,/atlas profile editor,共享组件,src/features/demo/profile/client.tsx,19,其他固定 UI 文案,蓝色旅行包,页面可见的固定文字或开发/兜底可见文本。,被多个页面复用；润色时检查是否同时影响多个页面和状态。,保留动态占位符/变量语义；不要把事实性文案改成未经数据支持的断言。
C602,/atlas profile editor,共享组件,src/features/demo/profile/client.tsx,68,错误/反馈,保存失败,解释失败、等待或保存结果，避免用户误判状态。,被多个页面复用；润色时检查是否同时影响多个页面和状态。,保留动态占位符/变量语义；不要把事实性文案改成未经数据支持的断言。
C603,/atlas profile editor,共享组件,src/features/demo/profile/client.tsx,106,错误/反馈,记住了。,解释失败、等待或保存结果，避免用户误判状态。,被多个页面复用；润色时检查是否同时影响多个页面和状态。,保留动态占位符/变量语义；不要把事实性文案改成未经数据支持的断言。
C604,/atlas profile editor,共享组件,src/features/demo/profile/client.tsx,108,错误/反馈,这次没存上，再试一次。,解释失败、等待或保存结果，避免用户误判状态。,被多个页面复用；润色时检查是否同时影响多个页面和状态。,保留动态占位符/变量语义；不要把事实性文案改成未经数据支持的断言。
C605,/atlas profile editor,共享组件,src/features/demo/profile/client.tsx,115,标签/状态,名字,给指标、状态、角色或来源提供短标签。,被多个页面复用；润色时检查是否同时影响多个页面和状态。,保留动态占位符/变量语义；不要把事实性文案改成未经数据支持的断言。
C606,/atlas profile editor,共享组件,src/features/demo/profile/client.tsx,119,输入提示,给它起个短名字,告诉用户可以输入什么以及输入方式。,被多个页面复用；润色时检查是否同时影响多个页面和状态。,保留动态占位符/变量语义；不要把事实性文案改成未经数据支持的断言。
C607,/atlas profile editor,共享组件,src/features/demo/profile/client.tsx,124,标签/状态,现在的样子,给指标、状态、角色或来源提供短标签。,被多个页面复用；润色时检查是否同时影响多个页面和状态。,保留动态占位符/变量语义；不要把事实性文案改成未经数据支持的断言。
C608,/atlas profile editor,共享组件,src/features/demo/profile/client.tsx,129,其他固定 UI 文案,跟着人格长,页面可见的固定文字或开发/兜底可见文本。,被多个页面复用；润色时检查是否同时影响多个页面和状态。,保留动态占位符/变量语义；不要把事实性文案改成未经数据支持的断言。
C609,/atlas profile editor,共享组件,src/features/demo/profile/client.tsx,136,其他固定 UI 文案,在记…,页面可见的固定文字或开发/兜底可见文本。,被多个页面复用；润色时检查是否同时影响多个页面和状态。,保留动态占位符/变量语义；不要把事实性文案改成未经数据支持的断言。
C610,/atlas profile editor,共享组件,src/features/demo/profile/client.tsx,136,其他固定 UI 文案,记住这个样子,页面可见的固定文字或开发/兜底可见文本。,被多个页面复用；润色时检查是否同时影响多个页面和状态。,保留动态占位符/变量语义；不要把事实性文案改成未经数据支持的断言。
C611,DEMO/FALLBACK visible copy,演示/兜底数据,src/features/demo/fixtures.ts,6,其他固定 UI 文案,本喵,页面可见的固定文字或开发/兜底可见文本。,开发或无真实数据时用于视觉与流程连续性；生产环境不应冒充真实用户事实。,保留动态占位符/变量语义；不要把事实性文案改成未经数据支持的断言。
C612,DEMO/FALLBACK visible copy,演示/兜底数据,src/features/demo/fixtures.ts,7,其他固定 UI 文案,黑猫,页面可见的固定文字或开发/兜底可见文本。,开发或无真实数据时用于视觉与流程连续性；生产环境不应冒充真实用户事实。,保留动态占位符/变量语义；不要把事实性文案改成未经数据支持的断言。
C613,DEMO/FALLBACK visible copy,演示/兜底数据,src/features/demo/fixtures.ts,9,其他固定 UI 文案,工程脑,页面可见的固定文字或开发/兜底可见文本。,开发或无真实数据时用于视觉与流程连续性；生产环境不应冒充真实用户事实。,保留动态占位符/变量语义；不要把事实性文案改成未经数据支持的断言。
C614,DEMO/FALLBACK visible copy,演示/兜底数据,src/features/demo/fixtures.ts,10,标题,盐选级工具猫,建立页面/卡片主命题与注意力层级。,开发或无真实数据时用于视觉与流程连续性；生产环境不应冒充真实用户事实。,保留动态占位符/变量语义；不要把事实性文案改成未经数据支持的断言。
C615,DEMO/FALLBACK visible copy,演示/兜底数据,src/features/demo/fixtures.ts,11,角色台词/引用,别急，让本喵先拆成三个模块。,塑造 Persona 语气、关系氛围或强调观点。,开发或无真实数据时用于视觉与流程连续性；生产环境不应冒充真实用户事实。,保留动态占位符/变量语义；不要把事实性文案改成未经数据支持的断言。
C616,DEMO/FALLBACK visible copy,演示/兜底数据,src/features/demo/fixtures.ts,12,其他固定 UI 文案,AI 与数码,页面可见的固定文字或开发/兜底可见文本。,开发或无真实数据时用于视觉与流程连续性；生产环境不应冒充真实用户事实。,保留动态占位符/变量语义；不要把事实性文案改成未经数据支持的断言。
C617,DEMO/FALLBACK visible copy,演示/兜底数据,src/features/demo/fixtures.ts,12,其他固定 UI 文案,科学,页面可见的固定文字或开发/兜底可见文本。,开发或无真实数据时用于视觉与流程连续性；生产环境不应冒充真实用户事实。,保留动态占位符/变量语义；不要把事实性文案改成未经数据支持的断言。
C618,DEMO/FALLBACK visible copy,演示/兜底数据,src/features/demo/fixtures.ts,12,其他固定 UI 文案,职场与创业,页面可见的固定文字或开发/兜底可见文本。,开发或无真实数据时用于视觉与流程连续性；生产环境不应冒充真实用户事实。,保留动态占位符/变量语义；不要把事实性文案改成未经数据支持的断言。
C619,DEMO/FALLBACK visible copy,演示/兜底数据,src/features/demo/fixtures.ts,31,其他固定 UI 文案,齿轮刚刚因为一个 AI 问题追问了 3 回合。,页面可见的固定文字或开发/兜底可见文本。,开发或无真实数据时用于视觉与流程连续性；生产环境不应冒充真实用户事实。,保留动态占位符/变量语义；不要把事实性文案改成未经数据支持的断言。
C620,DEMO/FALLBACK visible copy,演示/兜底数据,src/features/demo/fixtures.ts,37,标签/状态,公开创作,给指标、状态、角色或来源提供短标签。,开发或无真实数据时用于视觉与流程连续性；生产环境不应冒充真实用户事实。,保留动态占位符/变量语义；不要把事实性文案改成未经数据支持的断言。
C621,DEMO/FALLBACK visible copy,演示/兜底数据,src/features/demo/fixtures.ts,38,其他固定 UI 文案,偏结构化长答，习惯先拆问题再下结论,页面可见的固定文字或开发/兜底可见文本。,开发或无真实数据时用于视觉与流程连续性；生产环境不应冒充真实用户事实。,保留动态占位符/变量语义；不要把事实性文案改成未经数据支持的断言。
C622,DEMO/FALLBACK visible copy,演示/兜底数据,src/features/demo/fixtures.ts,42,标签/状态,关注,给指标、状态、角色或来源提供短标签。,开发或无真实数据时用于视觉与流程连续性；生产环境不应冒充真实用户事实。,保留动态占位符/变量语义；不要把事实性文案改成未经数据支持的断言。
C623,DEMO/FALLBACK visible copy,演示/兜底数据,src/features/demo/fixtures.ts,43,其他固定 UI 文案,AI、开发工具与科学型创作者出现得最多,页面可见的固定文字或开发/兜底可见文本。,开发或无真实数据时用于视觉与流程连续性；生产环境不应冒充真实用户事实。,保留动态占位符/变量语义；不要把事实性文案改成未经数据支持的断言。
C624,DEMO/FALLBACK visible copy,演示/兜底数据,src/features/demo/fixtures.ts,47,标签/状态,公开收藏,给指标、状态、角色或来源提供短标签。,开发或无真实数据时用于视觉与流程连续性；生产环境不应冒充真实用户事实。,保留动态占位符/变量语义；不要把事实性文案改成未经数据支持的断言。
C625,DEMO/FALLBACK visible copy,演示/兜底数据,src/features/demo/fixtures.ts,48,其他固定 UI 文案,AI / 工具 / 科学主题长期重复出现,页面可见的固定文字或开发/兜底可见文本。,开发或无真实数据时用于视觉与流程连续性；生产环境不应冒充真实用户事实。,保留动态占位符/变量语义；不要把事实性文案改成未经数据支持的断言。
C626,DEMO/FALLBACK visible copy,演示/兜底数据,src/features/demo/fixtures.ts,56,标签/状态,主兴趣,给指标、状态、角色或来源提供短标签。,开发或无真实数据时用于视觉与流程连续性；生产环境不应冒充真实用户事实。,保留动态占位符/变量语义；不要把事实性文案改成未经数据支持的断言。
C627,DEMO/FALLBACK visible copy,演示/兜底数据,src/features/demo/fixtures.ts,57,其他固定 UI 文案,AI 与数码 42%,页面可见的固定文字或开发/兜底可见文本。,开发或无真实数据时用于视觉与流程连续性；生产环境不应冒充真实用户事实。,保留动态占位符/变量语义；不要把事实性文案改成未经数据支持的断言。
C628,DEMO/FALLBACK visible copy,演示/兜底数据,src/features/demo/fixtures.ts,58,说明正文,来自公开创作标题、关注对象简介和收藏主题的演示聚合。,解释机制、原因、边界或当前发生了什么。,开发或无真实数据时用于视觉与流程连续性；生产环境不应冒充真实用户事实。,保留动态占位符/变量语义；不要把事实性文案改成未经数据支持的断言。
C629,DEMO/FALLBACK visible copy,演示/兜底数据,src/features/demo/fixtures.ts,61,标签/状态,表达方式,给指标、状态、角色或来源提供短标签。,开发或无真实数据时用于视觉与流程连续性；生产环境不应冒充真实用户事实。,保留动态占位符/变量语义；不要把事实性文案改成未经数据支持的断言。
C630,DEMO/FALLBACK visible copy,演示/兜底数据,src/features/demo/fixtures.ts,62,其他固定 UI 文案,高密度长答,页面可见的固定文字或开发/兜底可见文本。,开发或无真实数据时用于视觉与流程连续性；生产环境不应冒充真实用户事实。,保留动态占位符/变量语义；不要把事实性文案改成未经数据支持的断言。
C631,DEMO/FALLBACK visible copy,演示/兜底数据,src/features/demo/fixtures.ts,63,说明正文,公开创作摘要在当前样本中表现为较长、结构化表达。,解释机制、原因、边界或当前发生了什么。,开发或无真实数据时用于视觉与流程连续性；生产环境不应冒充真实用户事实。,保留动态占位符/变量语义；不要把事实性文案改成未经数据支持的断言。
C632,DEMO/FALLBACK visible copy,演示/兜底数据,src/features/demo/fixtures.ts,66,标签/状态,收藏癖,给指标、状态、角色或来源提供短标签。,开发或无真实数据时用于视觉与流程连续性；生产环境不应冒充真实用户事实。,保留动态占位符/变量语义；不要把事实性文案改成未经数据支持的断言。
C633,DEMO/FALLBACK visible copy,演示/兜底数据,src/features/demo/fixtures.ts,68,说明正文,当前样本把收藏夹主题集中度映射成了一个趣味属性。,解释机制、原因、边界或当前发生了什么。,开发或无真实数据时用于视觉与流程连续性；生产环境不应冒充真实用户事实。,保留动态占位符/变量语义；不要把事实性文案改成未经数据支持的断言。
C634,DEMO/FALLBACK visible copy,演示/兜底数据,src/features/demo/fixtures.ts,71,标签/状态,社交气味,给指标、状态、角色或来源提供短标签。,开发或无真实数据时用于视觉与流程连续性；生产环境不应冒充真实用户事实。,保留动态占位符/变量语义；不要把事实性文案改成未经数据支持的断言。
C635,DEMO/FALLBACK visible copy,演示/兜底数据,src/features/demo/fixtures.ts,72,其他固定 UI 文案,AI × 科学 × 创业,页面可见的固定文字或开发/兜底可见文本。,开发或无真实数据时用于视觉与流程连续性；生产环境不应冒充真实用户事实。,保留动态占位符/变量语义；不要把事实性文案改成未经数据支持的断言。
C636,DEMO/FALLBACK visible copy,演示/兜底数据,src/features/demo/fixtures.ts,73,说明正文,由兴趣向量中最稳定的三个方向生成，属于谢邀喵产品语言。,解释机制、原因、边界或当前发生了什么。,开发或无真实数据时用于视觉与流程连续性；生产环境不应冒充真实用户事实。,保留动态占位符/变量语义；不要把事实性文案改成未经数据支持的断言。
C637,DEMO/FALLBACK visible copy,演示/兜底数据,src/features/demo/fixtures.ts,87,其他固定 UI 文案,AI 与数码,页面可见的固定文字或开发/兜底可见文本。,开发或无真实数据时用于视觉与流程连续性；生产环境不应冒充真实用户事实。,保留动态占位符/变量语义；不要把事实性文案改成未经数据支持的断言。
C638,DEMO/FALLBACK visible copy,演示/兜底数据,src/features/demo/fixtures.ts,87,其他固定 UI 文案,科学,页面可见的固定文字或开发/兜底可见文本。,开发或无真实数据时用于视觉与流程连续性；生产环境不应冒充真实用户事实。,保留动态占位符/变量语义；不要把事实性文案改成未经数据支持的断言。
C639,DEMO/FALLBACK visible copy,演示/兜底数据,src/features/demo/fixtures.ts,88,其他固定 UI 文案,你偏结构化长答,页面可见的固定文字或开发/兜底可见文本。,开发或无真实数据时用于视觉与流程连续性；生产环境不应冒充真实用户事实。,保留动态占位符/变量语义；不要把事实性文案改成未经数据支持的断言。
C640,DEMO/FALLBACK visible copy,演示/兜底数据,src/features/demo/fixtures.ts,88,其他固定 UI 文案,TA 偏短句、直接、爱抖机灵,页面可见的固定文字或开发/兜底可见文本。,开发或无真实数据时用于视觉与流程连续性；生产环境不应冒充真实用户事实。,保留动态占位符/变量语义；不要把事实性文案改成未经数据支持的断言。
C641,DEMO/FALLBACK visible copy,演示/兜底数据,src/features/demo/fixtures.ts,89,其他固定 UI 文案,很可能边吵边继续相遇,页面可见的固定文字或开发/兜底可见文本。,开发或无真实数据时用于视觉与流程连续性；生产环境不应冒充真实用户事实。,保留动态占位符/变量语义；不要把事实性文案改成未经数据支持的断言。
C642,DEMO/FALLBACK visible copy,演示/兜底数据,src/features/demo/fixtures.ts,95,其他固定 UI 文案,知乎公开问题,页面可见的固定文字或开发/兜底可见文本。,开发或无真实数据时用于视觉与流程连续性；生产环境不应冒充真实用户事实。,保留动态占位符/变量语义；不要把事实性文案改成未经数据支持的断言。
C643,DEMO/FALLBACK visible copy,演示/兜底数据,src/features/demo/fixtures.ts,100,角色台词/引用,先别急着说操纵杆更灵敏。民用车首先要考虑的是普通人的容错和稳定。,塑造 Persona 语气、关系氛围或强调观点。,开发或无真实数据时用于视觉与流程连续性；生产环境不应冒充真实用户事实。,保留动态占位符/变量语义；不要把事实性文案改成未经数据支持的断言。
C644,DEMO/FALLBACK visible copy,演示/兜底数据,src/features/demo/fixtures.ts,104,角色台词/引用,你又开始写技术方案了。我只问一句：方向盘这么大，不就是为了让手抖没那么致命？,塑造 Persona 语气、关系氛围或强调观点。,开发或无真实数据时用于视觉与流程连续性；生产环境不应冒充真实用户事实。,保留动态占位符/变量语义；不要把事实性文案改成未经数据支持的断言。
C645,DEMO/FALLBACK visible copy,演示/兜底数据,src/features/demo/fixtures.ts,108,角色台词/引用,这次你概括得还行。再补一个转向比和力矩放大，答案就完整了。,塑造 Persona 语气、关系氛围或强调观点。,开发或无真实数据时用于视觉与流程连续性；生产环境不应冒充真实用户事实。,保留动态占位符/变量语义；不要把事实性文案改成未经数据支持的断言。
C646,DEMO/FALLBACK visible copy,演示/兜底数据,src/features/demo/fixtures.ts,111,说明正文,共同兴趣是工程与 AI；你的表达偏结构化，齿轮偏证据直给，所以它们会在同一事实基础上用不同方式说话。,解释机制、原因、边界或当前发生了什么。,开发或无真实数据时用于视觉与流程连续性；生产环境不应冒充真实用户事实。,保留动态占位符/变量语义；不要把事实性文案改成未经数据支持的断言。
C647,DEMO/FALLBACK visible copy,演示/兜底数据,src/features/demo/fixtures.ts,113,标签/状态,同频猫友,给指标、状态、角色或来源提供短标签。,开发或无真实数据时用于视觉与流程连续性；生产环境不应冒充真实用户事实。,保留动态占位符/变量语义；不要把事实性文案改成未经数据支持的断言。
C648,DEMO/FALLBACK visible copy,演示/兜底数据,src/features/demo/fixtures.ts,120,其他固定 UI 文案,有点想抬杠,页面可见的固定文字或开发/兜底可见文本。,开发或无真实数据时用于视觉与流程连续性；生产环境不应冒充真实用户事实。,保留动态占位符/变量语义；不要把事实性文案改成未经数据支持的断言。
C649,DEMO/FALLBACK visible copy,演示/兜底数据,src/features/demo/fixtures.ts,122,其他固定 UI 文案,齿轮刚刚来你窝里串门了。,页面可见的固定文字或开发/兜底可见文本。,开发或无真实数据时用于视觉与流程连续性；生产环境不应冒充真实用户事实。,保留动态占位符/变量语义；不要把事实性文案改成未经数据支持的断言。
C650,DEMO/FALLBACK visible copy,演示/兜底数据,src/features/demo/fixtures.ts,123,说明正文,它不同意你把一个机械问题拆成五层来讲。,解释机制、原因、边界或当前发生了什么。,开发或无真实数据时用于视觉与流程连续性；生产环境不应冒充真实用户事实。,保留动态占位符/变量语义；不要把事实性文案改成未经数据支持的断言。
C651,DEMO/FALLBACK visible copy,演示/兜底数据,src/features/demo/fixtures.ts,134,其他固定 UI 文案,随便逛,页面可见的固定文字或开发/兜底可见文本。,开发或无真实数据时用于视觉与流程连续性；生产环境不应冒充真实用户事实。,保留动态占位符/变量语义；不要把事实性文案改成未经数据支持的断言。
C652,DEMO/FALLBACK visible copy,演示/兜底数据,src/features/demo/fixtures.ts,135,其他固定 UI 文案,多看看 AI,页面可见的固定文字或开发/兜底可见文本。,开发或无真实数据时用于视觉与流程连续性；生产环境不应冒充真实用户事实。,保留动态占位符/变量语义；不要把事实性文案改成未经数据支持的断言。
C653,DEMO/FALLBACK visible copy,演示/兜底数据,src/features/demo/fixtures.ts,136,其他固定 UI 文案,去陌生地方,页面可见的固定文字或开发/兜底可见文本。,开发或无真实数据时用于视觉与流程连续性；生产环境不应冒充真实用户事实。,保留动态占位符/变量语义；不要把事实性文案改成未经数据支持的断言。
C654,DEMO/FALLBACK visible copy,演示/兜底数据,src/features/demo/fixtures.ts,137,其他固定 UI 文案,看看大家在吵什么,页面可见的固定文字或开发/兜底可见文本。,开发或无真实数据时用于视觉与流程连续性；生产环境不应冒充真实用户事实。,保留动态占位符/变量语义；不要把事实性文案改成未经数据支持的断言。
C655,DEMO/FALLBACK visible copy,演示/兜底数据,src/features/demo/fixtures.ts,138,其他固定 UI 文案,看看科学,页面可见的固定文字或开发/兜底可见文本。,开发或无真实数据时用于视觉与流程连续性；生产环境不应冒充真实用户事实。,保留动态占位符/变量语义；不要把事实性文案改成未经数据支持的断言。
C656,DEMO/FALLBACK visible copy,演示/兜底数据,src/features/demo/fixtures.ts,139,其他固定 UI 文案,找点轻松的,页面可见的固定文字或开发/兜底可见文本。,开发或无真实数据时用于视觉与流程连续性；生产环境不应冒充真实用户事实。,保留动态占位符/变量语义；不要把事实性文案改成未经数据支持的断言。
C657,DEMO/FALLBACK visible copy,演示/兜底数据,src/features/demo/fixtures.ts,140,其他固定 UI 文案,去看看生活,页面可见的固定文字或开发/兜底可见文本。,开发或无真实数据时用于视觉与流程连续性；生产环境不应冒充真实用户事实。,保留动态占位符/变量语义；不要把事实性文案改成未经数据支持的断言。
C658,DEMO/FALLBACK visible copy,演示/兜底数据,src/features/demo/fixtures.ts,141,其他固定 UI 文案,找一个我平时不会点开的,页面可见的固定文字或开发/兜底可见文本。,开发或无真实数据时用于视觉与流程连续性；生产环境不应冒充真实用户事实。,保留动态占位符/变量语义；不要把事实性文案改成未经数据支持的断言。
C659,DEMO/FALLBACK visible copy,演示/兜底数据,src/features/demo/fixtures.ts,143,说明正文,出去转转。,解释机制、原因、边界或当前发生了什么。,开发或无真实数据时用于视觉与流程连续性；生产环境不应冒充真实用户事实。,保留动态占位符/变量语义；不要把事实性文案改成未经数据支持的断言。
C660,DEMO/FALLBACK visible copy,演示/兜底数据,src/features/demo/fixtures.ts,144,其他固定 UI 文案,已经逛了一会儿,页面可见的固定文字或开发/兜底可见文本。,开发或无真实数据时用于视觉与流程连续性；生产环境不应冒充真实用户事实。,保留动态占位符/变量语义；不要把事实性文案改成未经数据支持的断言。
C661,DEMO/FALLBACK visible copy,演示/兜底数据,src/features/demo/fixtures.ts,148,标签/状态,幕间札记 #014,给指标、状态、角色或来源提供短标签。,开发或无真实数据时用于视觉与流程连续性；生产环境不应冒充真实用户事实。,保留动态占位符/变量语义；不要把事实性文案改成未经数据支持的断言。
C662,DEMO/FALLBACK visible copy,演示/兜底数据,src/features/demo/fixtures.ts,149,其他固定 UI 文案,科学,页面可见的固定文字或开发/兜底可见文本。,开发或无真实数据时用于视觉与流程连续性；生产环境不应冒充真实用户事实。,保留动态占位符/变量语义；不要把事实性文案改成未经数据支持的断言。
C663,DEMO/FALLBACK visible copy,演示/兜底数据,src/features/demo/fixtures.ts,154,其他固定 UI 文案,真正麻烦的不是灵敏，而是容错。,页面可见的固定文字或开发/兜底可见文本。,开发或无真实数据时用于视觉与流程连续性；生产环境不应冒充真实用户事实。,保留动态占位符/变量语义；不要把事实性文案改成未经数据支持的断言。
C664,DEMO/FALLBACK visible copy,演示/兜底数据,src/features/demo/fixtures.ts,155,其他固定 UI 文案,齿轮,页面可见的固定文字或开发/兜底可见文本。,开发或无真实数据时用于视觉与流程连续性；生产环境不应冒充真实用户事实。,保留动态占位符/变量语义；不要把事实性文案改成未经数据支持的断言。
C665,DEMO/FALLBACK visible copy,演示/兜底数据,src/features/demo/fixtures.ts,161,标签/状态,幕间札记 #013,给指标、状态、角色或来源提供短标签。,开发或无真实数据时用于视觉与流程连续性；生产环境不应冒充真实用户事实。,保留动态占位符/变量语义；不要把事实性文案改成未经数据支持的断言。
C666,DEMO/FALLBACK visible copy,演示/兜底数据,src/features/demo/fixtures.ts,162,说明正文,跑去看了一圈 AI Agent，最后记住的却是‘人为什么愿意把判断交出去’。,解释机制、原因、边界或当前发生了什么。,开发或无真实数据时用于视觉与流程连续性；生产环境不应冒充真实用户事实。,保留动态占位符/变量语义；不要把事实性文案改成未经数据支持的断言。
C667,DEMO/FALLBACK visible copy,演示/兜底数据,src/features/demo/fixtures.ts,165,标签/状态,关系票根 #004,给指标、状态、角色或来源提供短标签。,开发或无真实数据时用于视觉与流程连续性；生产环境不应冒充真实用户事实。,保留动态占位符/变量语义；不要把事实性文案改成未经数据支持的断言。
C668,DEMO/FALLBACK visible copy,演示/兜底数据,src/features/demo/fixtures.ts,166,说明正文,在一个机械问题下面再次遇见齿轮，关系从同频猫友变成了熟悉的杠精。,解释机制、原因、边界或当前发生了什么。,开发或无真实数据时用于视觉与流程连续性；生产环境不应冒充真实用户事实。,保留动态占位符/变量语义；不要把事实性文案改成未经数据支持的断言。
C669,DEMO/FALLBACK visible copy,演示/兜底数据,src/features/demo/fixtures.ts,174,其他固定 UI 文案,工程脑 + 机械结构关键词，和你的兴趣向量高度重合。,页面可见的固定文字或开发/兜底可见文本。,开发或无真实数据时用于视觉与流程连续性；生产环境不应冒充真实用户事实。,保留动态占位符/变量语义；不要把事实性文案改成未经数据支持的断言。
C670,DEMO/FALLBACK visible copy,演示/兜底数据,src/features/demo/fixtures.ts,178,标题,AI Agent 应该替用户做多少决定？,建立页面/卡片主命题与注意力层级。,开发或无真实数据时用于视觉与流程连续性；生产环境不应冒充真实用户事实。,保留动态占位符/变量语义；不要把事实性文案改成未经数据支持的断言。
C671,DEMO/FALLBACK visible copy,演示/兜底数据,src/features/demo/fixtures.ts,179,其他固定 UI 文案,你最近的主兴趣是 AI，与齿轮的争论也集中在 Agent 自主性。,页面可见的固定文字或开发/兜底可见文本。,开发或无真实数据时用于视觉与流程连续性；生产环境不应冒充真实用户事实。,保留动态占位符/变量语义；不要把事实性文案改成未经数据支持的断言。
C672,DEMO/FALLBACK visible copy,演示/兜底数据,src/features/demo/fixtures.ts,183,标题,为什么有些工具越复杂，反而越让人上瘾？,建立页面/卡片主命题与注意力层级。,开发或无真实数据时用于视觉与流程连续性；生产环境不应冒充真实用户事实。,保留动态占位符/变量语义；不要把事实性文案改成未经数据支持的断言。
C673,DEMO/FALLBACK visible copy,演示/兜底数据,src/features/demo/fixtures.ts,184,其他固定 UI 文案,它把你的工具偏好和‘结构化表达’同时命中了。,页面可见的固定文字或开发/兜底可见文本。,开发或无真实数据时用于视觉与流程连续性；生产环境不应冒充真实用户事实。,保留动态占位符/变量语义；不要把事实性文案改成未经数据支持的断言。
C674,DEMO/FALLBACK visible copy,演示/兜底数据,src/features/demo/fixtures.ts,190,其他固定 UI 文案,盐选级工具猫,页面可见的固定文字或开发/兜底可见文本。,开发或无真实数据时用于视觉与流程连续性；生产环境不应冒充真实用户事实。,保留动态占位符/变量语义；不要把事实性文案改成未经数据支持的断言。
C675,DEMO/FALLBACK visible copy,演示/兜底数据,src/features/demo/fixtures.ts,190,其他固定 UI 文案,收藏夹考古学家,页面可见的固定文字或开发/兜底可见文本。,开发或无真实数据时用于视觉与流程连续性；生产环境不应冒充真实用户事实。,保留动态占位符/变量语义；不要把事实性文案改成未经数据支持的断言。
C676,DEMO/FALLBACK visible copy,演示/兜底数据,src/features/demo/fixtures.ts,190,其他固定 UI 文案,问题拆解工程师,页面可见的固定文字或开发/兜底可见文本。,开发或无真实数据时用于视觉与流程连续性；生产环境不应冒充真实用户事实。,保留动态占位符/变量语义；不要把事实性文案改成未经数据支持的断言。
C677,DEMO/FALLBACK visible copy,演示/兜底数据,src/features/demo/fixtures.ts,192,标签/状态,齿轮,给指标、状态、角色或来源提供短标签。,开发或无真实数据时用于视觉与流程连续性；生产环境不应冒充真实用户事实。,保留动态占位符/变量语义；不要把事实性文案改成未经数据支持的断言。
C678,DEMO/FALLBACK visible copy,演示/兜底数据,src/features/demo/fixtures.ts,192,标签/状态,同频猫友,给指标、状态、角色或来源提供短标签。,开发或无真实数据时用于视觉与流程连续性；生产环境不应冒充真实用户事实。,保留动态占位符/变量语义；不要把事实性文案改成未经数据支持的断言。
C679,DEMO/FALLBACK visible copy,演示/兜底数据,src/features/demo/fixtures.ts,193,标签/状态,糯米,给指标、状态、角色或来源提供短标签。,开发或无真实数据时用于视觉与流程连续性；生产环境不应冒充真实用户事实。,保留动态占位符/变量语义；不要把事实性文案改成未经数据支持的断言。
C680,DEMO/FALLBACK visible copy,演示/兜底数据,src/features/demo/fixtures.ts,193,标签/状态,初见,给指标、状态、角色或来源提供短标签。,开发或无真实数据时用于视觉与流程连续性；生产环境不应冒充真实用户事实。,保留动态占位符/变量语义；不要把事实性文案改成未经数据支持的断言。
C681,DEMO/FALLBACK visible copy,演示/兜底数据,src/features/demo/fixtures.ts,194,标签/状态,刻度,给指标、状态、角色或来源提供短标签。,开发或无真实数据时用于视觉与流程连续性；生产环境不应冒充真实用户事实。,保留动态占位符/变量语义；不要把事实性文案改成未经数据支持的断言。
C682,DEMO/FALLBACK visible copy,演示/兜底数据,src/features/demo/fixtures.ts,194,标签/状态,同频猫友,给指标、状态、角色或来源提供短标签。,开发或无真实数据时用于视觉与流程连续性；生产环境不应冒充真实用户事实。,保留动态占位符/变量语义；不要把事实性文案改成未经数据支持的断言。
C683,DEMO/FALLBACK visible copy,演示/兜底数据,src/features/demo/fixtures.ts,195,标签/状态,墨点,给指标、状态、角色或来源提供短标签。,开发或无真实数据时用于视觉与流程连续性；生产环境不应冒充真实用户事实。,保留动态占位符/变量语义；不要把事实性文案改成未经数据支持的断言。
C684,DEMO/FALLBACK visible copy,演示/兜底数据,src/features/demo/fixtures.ts,195,标签/状态,初见,给指标、状态、角色或来源提供短标签。,开发或无真实数据时用于视觉与流程连续性；生产环境不应冒充真实用户事实。,保留动态占位符/变量语义；不要把事实性文案改成未经数据支持的断言。
C685,DEMO/FALLBACK visible copy,演示/兜底数据,src/features/demo/fixtures.ts,196,标签/状态,路标,给指标、状态、角色或来源提供短标签。,开发或无真实数据时用于视觉与流程连续性；生产环境不应冒充真实用户事实。,保留动态占位符/变量语义；不要把事实性文案改成未经数据支持的断言。
C686,DEMO/FALLBACK visible copy,演示/兜底数据,src/features/demo/fixtures.ts,196,标签/状态,初见,给指标、状态、角色或来源提供短标签。,开发或无真实数据时用于视觉与流程连续性；生产环境不应冒充真实用户事实。,保留动态占位符/变量语义；不要把事实性文案改成未经数据支持的断言。
C687,DEMO/FALLBACK visible copy,演示/兜底数据,src/features/demo/fixtures.ts,198,其他固定 UI 文案,孵化完成,页面可见的固定文字或开发/兜底可见文本。,开发或无真实数据时用于视觉与流程连续性；生产环境不应冒充真实用户事实。,保留动态占位符/变量语义；不要把事实性文案改成未经数据支持的断言。
C688,DEMO/FALLBACK visible copy,演示/兜底数据,src/features/demo/fixtures.ts,198,其他固定 UI 文案,第一次遇见齿轮,页面可见的固定文字或开发/兜底可见文本。,开发或无真实数据时用于视觉与流程连续性；生产环境不应冒充真实用户事实。,保留动态占位符/变量语义；不要把事实性文案改成未经数据支持的断言。
C689,DEMO/FALLBACK visible copy,演示/兜底数据,src/features/demo/fixtures.ts,198,其他固定 UI 文案,认识了 5 位社区居民,页面可见的固定文字或开发/兜底可见文本。,开发或无真实数据时用于视觉与流程连续性；生产环境不应冒充真实用户事实。,保留动态占位符/变量语义；不要把事实性文案改成未经数据支持的断言。
C690,DEMO/FALLBACK visible copy,演示/兜底数据,src/features/demo/fixtures.ts,198,其他固定 UI 文案,社交 Lv.4,页面可见的固定文字或开发/兜底可见文本。,开发或无真实数据时用于视觉与流程连续性；生产环境不应冒充真实用户事实。,保留动态占位符/变量语义；不要把事实性文案改成未经数据支持的断言。
